ReturnID,OrderID,ProductID,ReturnDate,ReturnQty,ReturnReason,RefundAmount
1,30,313,2023-07-31,2,Size Issue,6536.33
2,35,17,2025-08-10,2,Size Issue,9366.94
3,39,309,2024-03-12,1,Wrong Item,5140.88
4,77,120,2026-01-26,2,Wrong Item,10339.52
5,93,47,2024-11-16,1,Size Issue,2220.31
6,95,331,2026-04-18,1,Wrong Item,1343.82
7,108,40,2025-11-06,2,Size Issue,5553.83
8,125,70,2024-09-05,1,Late Delivery,2359.26
9,126,52,2024-08-21,2,Damaged,10373.5
10,236,436,2024-01-30,2,Customer Changed Mind,1607.2
11,243,329,2025-09-26,1,Defective,390.98
12,264,404,2023-11-10,2,Wrong Item,1581.81
13,284,450,2026-05-28,2,Size Issue,3990.29
14,291,338,2025-01-07,1,Wrong Item,6600.19
15,359,370,2026-06-24,1,Damaged,3009.77
16,388,293,2026-02-18,2,Defective,6122.93
17,408,382,2024-11-28,2,Wrong Item,939.13
18,419,6,2026-06-08,1,Damaged,1429.89
19,495,147,2026-01-05,2,Wrong Item,1301.23
20,502,23,2023-09-14,1,Late Delivery,1150.16
21,553,473,2024-09-19,2,Late Delivery,3385.51
22,563,364,2025-03-06,1,Size Issue,9565.27
23,564,330,2023-06-23,2,Size Issue,10053.88
24,581,377,2023-11-09,1,Late Delivery,3067.9
25,594,145,2026-05-31,2,Late Delivery,5694.87
26,710,374,2026-06-10,2,Customer Changed Mind,2859.57
27,774,491,2023-09-02,2,Damaged,2102.49
28,779,481,2026-07-16,1,Size Issue,9910.41
29,784,295,2024-06-28,2,Size Issue,3722.02
30,795,431,2025-02-21,1,Size Issue,7319.62
31,810,225,2023-12-14,1,Defective,4097.21
32,903,329,2023-04-24,2,Damaged,2463.32
33,925,387,2026-01-31,1,Customer Changed Mind,4262.49
34,939,131,2025-01-02,2,Defective,8236.25
35,1007,73,2024-02-16,2,Late Delivery,4916.39
36,1077,295,2024-03-14,1,Customer Changed Mind,11724.4
37,1131,315,2026-07-09,2,Damaged,3859.85
38,1136,65,2024-02-06,1,Size Issue,11800.63
39,1186,182,2026-05-08,1,Late Delivery,545.12
40,1199,427,2023-06-29,1,Defective,860.46
41,1242,367,2024-12-13,1,Size Issue,6794.17
42,1245,439,2023-12-23,1,Late Delivery,4305.73
43,1254,246,2023-07-10,1,Size Issue,1201.48
44,1350,424,2025-11-22,1,Size Issue,1534.05
45,1381,490,2024-02-08,2,Size Issue,1654.04
46,1388,419,2023-07-06,1,Customer Changed Mind,7212.07
47,1403,400,2025-11-24,1,Damaged,10057.73
48,1417,473,2023-04-16,2,Late Delivery,7728.31
49,1423,255,2024-04-28,2,Defective,4547.9
50,1497,443,2023-11-27,1,Defective,3497.42
51,1517,145,2025-05-04,1,Defective,6558.7
52,1530,143,2025-11-06,2,Wrong Item,4675.47
53,1535,345,2023-11-03,1,Wrong Item,7626.9
54,1544,172,2025-05-24,2,Damaged,629.46
55,1569,219,2025-10-28,1,Size Issue,6162.23
56,1594,157,2026-03-02,2,Late Delivery,8411.02
57,1685,210,2024-05-02,2,Defective,5857.0
58,1711,231,2024-09-23,2,Late Delivery,813.43
59,1719,398,2025-09-19,2,Wrong Item,5006.5
60,1722,405,2025-08-26,2,Wrong Item,9558.26
61,1737,248,2026-03-20,1,Damaged,2512.32
62,1913,41,2024-03-01,1,Size Issue,4151.59
63,1959,497,2026-07-29,2,Wrong Item,8149.54
64,1991,429,2024-04-11,2,Wrong Item,5644.84
65,2023,152,2023-03-01,2,Defective,643.88
66,2065,366,2023-10-05,2,Late Delivery,3454.51
67,2073,428,2025-09-18,2,Late Delivery,6808.7
68,2099,112,2024-11-18,1,Size Issue,6211.77
69,2179,243,2025-05-10,1,Size Issue,5703.89
70,2181,412,2025-04-10,2,Defective,9984.87
71,2190,451,2024-02-10,1,Defective,354.05
72,2230,246,2025-09-08,1,Damaged,8380.95
73,2241,216,2025-04-01,2,Wrong Item,9909.65
74,2243,348,2025-02-21,1,Size Issue,7424.29
75,2272,111,2026-05-04,2,Defective,11045.21
76,2329,352,2024-05-10,2,Late Delivery,3219.86
77,2330,293,2024-01-15,1,Late Delivery,6037.52
78,2338,240,2025-01-30,2,Damaged,8574.6
79,2354,334,2023-09-10,2,Customer Changed Mind,4281.61
80,2366,24,2024-05-19,1,Late Delivery,5053.65
81,2374,441,2025-03-31,2,Damaged,9083.78
82,2375,188,2024-04-08,1,Size Issue,7595.04
83,2414,64,2026-08-30,2,Wrong Item,3549.32
84,2434,357,2023-05-26,1,Late Delivery,7462.54
85,2442,488,2026-01-06,2,Defective,3005.65
86,2495,413,2026-07-13,1,Damaged,7450.84
87,2496,279,2025-08-05,1,Customer Changed Mind,3975.64
88,2501,190,2023-05-31,1,Size Issue,8892.67
89,2522,294,2025-12-04,2,Customer Changed Mind,9693.99
90,2591,481,2023-10-23,1,Customer Changed Mind,7394.18
91,2618,170,2026-08-01,2,Wrong Item,3068.97
92,2653,292,2025-01-27,2,Defective,3481.11
93,2722,380,2025-02-18,2,Customer Changed Mind,10439.67
94,2727,58,2024-11-03,2,Defective,10641.92
95,2730,261,2023-02-20,2,Damaged,7463.28
96,2752,3,2024-05-11,1,Size Issue,11880.86
97,2765,342,2024-10-21,2,Customer Changed Mind,9242.91
98,2775,405,2024-04-09,1,Defective,1750.91
99,2788,148,2023-07-28,1,Size Issue,8615.22
100,2793,325,2024-08-31,2,Defective,770.58
101,2797,138,2024-08-16,2,Customer Changed Mind,4946.32
102,2817,238,2025-10-30,2,Damaged,2437.85
103,2827,168,2026-07-31,1,Wrong Item,1745.94
104,2849,37,2023-08-10,1,Size Issue,6706.11
105,2860,426,2024-05-12,1,Size Issue,2037.51
106,2862,350,2024-03-19,2,Customer Changed Mind,8093.41
107,2881,247,2026-02-28,1,Wrong Item,4074.82
108,2889,284,2025-11-07,1,Damaged,4356.16
109,2917,67,2023-11-20,2,Customer Changed Mind,2542.42
110,2939,407,2026-05-21,1,Defective,6740.94
111,2976,483,2025-12-16,2,Wrong Item,11656.72
112,2984,402,2024-03-18,2,Wrong Item,1650.71
113,2989,196,2023-09-03,2,Size Issue,5638.17
114,3002,495,2023-07-06,1,Customer Changed Mind,9066.92
115,3003,353,2026-07-07,2,Late Delivery,2410.74
116,3046,193,2025-12-26,2,Defective,1702.69
117,3059,200,2023-06-29,1,Customer Changed Mind,3706.29
118,3070,480,2024-04-23,2,Late Delivery,4354.99
119,3082,198,2023-12-30,2,Defective,802.7
120,3105,306,2025-08-30,2,Late Delivery,4297.89
121,3108,371,2025-08-23,2,Damaged,10599.91
122,3162,288,2026-06-25,2,Customer Changed Mind,6286.1
123,3164,271,2023-11-27,2,Size Issue,6873.78
124,3165,262,2025-07-21,2,Size Issue,11953.35
125,3193,86,2025-06-24,2,Wrong Item,4352.88
126,3200,275,2025-03-09,1,Late Delivery,10176.09
127,3218,433,2025-07-10,2,Damaged,3992.88
128,3219,464,2023-07-24,2,Damaged,6008.38
129,3314,85,2025-06-21,2,Damaged,10222.49
130,3386,426,2026-04-27,2,Defective,11774.98
131,3408,389,2024-07-10,1,Size Issue,9952.51
132,3443,373,2023-04-05,1,Customer Changed Mind,9280.59
133,3506,418,2023-12-04,1,Late Delivery,11922.51
134,3526,492,2023-06-09,2,Size Issue,1885.96
135,3546,153,2026-08-11,1,Wrong Item,9018.57
136,3603,303,2024-07-01,1,Customer Changed Mind,11026.86
137,3631,402,2023-07-22,2,Wrong Item,3108.42
138,3634,332,2024-09-14,1,Wrong Item,2239.93
139,3638,419,2025-04-08,2,Defective,9274.0
140,3651,376,2025-10-27,2,Defective,5083.76
141,3653,53,2025-03-08,2,Customer Changed Mind,10931.01
142,3670,77,2023-10-16,2,Size Issue,9855.85
143,3702,23,2025-04-18,2,Late Delivery,10354.55
144,3708,462,2025-03-08,1,Damaged,8015.92
145,3714,295,2024-12-17,1,Size Issue,7902.54
146,3716,407,2025-02-18,2,Size Issue,8065.21
147,3726,385,2023-02-22,2,Defective,7601.97
148,3770,38,2025-11-02,2,Customer Changed Mind,9242.35
149,3775,445,2024-09-27,2,Defective,2417.6
150,3780,30,2026-03-07,2,Customer Changed Mind,10377.32
151,3836,407,2026-01-12,2,Late Delivery,3435.56
152,3844,143,2025-09-17,1,Size Issue,7070.31
153,3851,429,2025-04-30,1,Late Delivery,9674.64
154,3871,250,2024-10-25,2,Defective,9811.03
155,3991,134,2025-05-25,1,Damaged,6848.53
156,4004,413,2025-09-04,2,Size Issue,7822.63
157,4066,364,2024-10-09,2,Damaged,10133.28
158,4081,476,2023-06-28,1,Wrong Item,8118.22
159,4095,351,2025-07-08,2,Damaged,10857.86
160,4110,185,2025-02-09,1,Damaged,6870.3
161,4160,258,2024-09-18,2,Defective,8346.58
162,4196,299,2023-12-25,2,Late Delivery,11341.13
163,4213,386,2023-09-14,2,Defective,605.36
164,4214,444,2023-05-24,1,Wrong Item,11104.78
165,4262,328,2023-07-27,1,Wrong Item,6024.93
166,4309,423,2023-08-05,1,Wrong Item,2865.07
167,4327,215,2025-08-03,1,Damaged,3287.6
168,4334,477,2025-06-06,1,Defective,5071.46
169,4341,121,2024-03-04,2,Late Delivery,7242.71
170,4374,453,2024-04-09,1,Size Issue,9617.73
171,4472,126,2024-10-03,1,Customer Changed Mind,5844.71
172,4520,23,2023-04-12,1,Wrong Item,1043.29
173,4545,380,2026-07-04,1,Size Issue,7263.01
174,4551,190,2026-01-29,2,Damaged,8865.9
175,4574,264,2025-12-13,1,Damaged,8044.12
176,4578,230,2026-05-11,2,Damaged,7403.03
177,4621,104,2026-06-27,2,Damaged,4611.35
178,4641,136,2026-05-24,2,Wrong Item,5011.33
179,4668,203,2026-05-02,2,Size Issue,7756.31
180,4889,133,2023-02-10,2,Customer Changed Mind,3697.58
181,4901,298,2023-02-01,2,Customer Changed Mind,2257.31
182,4919,225,2024-10-06,1,Late Delivery,9626.97
183,4960,254,2023-12-29,1,Size Issue,8934.28
184,4979,83,2024-09-18,1,Size Issue,5321.84
185,4994,243,2024-06-22,2,Late Delivery,5444.41
186,5003,247,2026-02-05,2,Damaged,10014.95
187,5047,170,2023-08-06,1,Size Issue,5119.09
188,5053,234,2026-02-05,1,Size Issue,9693.5
189,5078,189,2024-02-02,1,Wrong Item,8926.56
190,5085,201,2024-04-29,1,Defective,10884.43
191,5101,98,2026-04-14,2,Size Issue,8482.28
192,5162,234,2023-07-05,2,Wrong Item,4060.01
193,5186,466,2023-05-05,2,Damaged,9872.32
194,5194,87,2023-04-24,1,Customer Changed Mind,5370.98
195,5221,395,2023-10-30,2,Wrong Item,2718.22
196,5228,299,2025-03-18,2,Customer Changed Mind,5523.52
197,5229,27,2025-06-27,2,Damaged,475.95
198,5235,261,2023-06-27,1,Size Issue,4994.34
199,5277,422,2024-08-23,1,Size Issue,4440.94
200,5316,263,2024-02-12,2,Damaged,4951.74
201,5320,336,2025-08-28,2,Damaged,10699.55
202,5337,121,2024-03-17,1,Late Delivery,4227.89
203,5392,39,2024-12-09,1,Customer Changed Mind,9738.01
204,5440,99,2023-03-27,1,Customer Changed Mind,1742.14
205,5486,112,2023-05-17,2,Late Delivery,3261.2
206,5517,308,2023-11-17,2,Customer Changed Mind,8450.69
207,5529,153,2025-10-28,1,Defective,7094.91
208,5532,61,2023-11-06,1,Defective,2029.09
209,5551,290,2025-11-08,1,Wrong Item,6629.7
210,5627,33,2025-07-12,1,Wrong Item,4422.06
211,5671,350,2024-01-01,2,Customer Changed Mind,5052.18
212,5690,368,2026-03-30,2,Defective,2892.97
213,5696,336,2026-02-03,1,Late Delivery,3400.35
214,5698,382,2026-03-05,2,Damaged,2715.26
215,5746,421,2026-07-27,1,Wrong Item,10329.08
216,5757,277,2025-07-13,2,Size Issue,6835.79
217,5759,446,2024-03-20,2,Size Issue,5849.7
218,5772,424,2025-05-28,1,Damaged,10022.36
219,5783,37,2025-11-03,1,Damaged,3541.48
220,5791,174,2024-09-08,2,Size Issue,4834.45
221,5837,371,2026-07-29,1,Customer Changed Mind,6576.44
222,5895,311,2023-01-20,1,Customer Changed Mind,5079.12
223,5901,421,2026-01-03,1,Customer Changed Mind,2138.78
224,5921,101,2026-08-03,1,Wrong Item,2472.01
225,5953,39,2026-01-22,1,Wrong Item,515.39
226,6013,379,2026-07-13,2,Customer Changed Mind,10091.75
227,6016,340,2025-06-29,2,Wrong Item,8492.42
228,6019,26,2023-06-11,1,Customer Changed Mind,6532.75
229,6042,47,2024-05-25,2,Customer Changed Mind,6081.13
230,6076,432,2026-04-10,2,Damaged,3484.18
231,6099,478,2025-04-17,1,Wrong Item,11600.7
232,6152,183,2023-07-07,1,Damaged,2431.64
233,6210,291,2023-11-03,1,Late Delivery,3713.02
234,6272,301,2026-03-20,2,Damaged,1052.59
235,6302,81,2023-09-22,2,Damaged,9728.69
236,6400,231,2023-05-13,2,Wrong Item,7800.33
237,6412,22,2024-07-25,2,Late Delivery,6229.87
238,6426,128,2023-11-13,1,Size Issue,9866.7
239,6445,219,2024-05-08,2,Defective,11989.19
240,6505,165,2025-06-29,2,Customer Changed Mind,3816.5
241,6515,30,2026-07-09,1,Customer Changed Mind,11387.43
242,6519,142,2026-04-25,2,Size Issue,8777.59
243,6556,481,2024-07-19,1,Defective,381.71
244,6622,312,2025-01-02,2,Defective,10284.06
245,6644,76,2024-05-28,1,Size Issue,10684.12
246,6649,37,2023-05-19,2,Late Delivery,10111.22
247,6660,205,2023-11-13,1,Defective,9547.4
248,6691,186,2023-12-23,2,Defective,7038.12
249,6719,23,2025-09-03,1,Customer Changed Mind,3083.56
250,6757,55,2026-03-14,1,Defective,866.73
251,6807,372,2024-06-15,1,Size Issue,5995.96
252,6819,93,2025-09-20,2,Late Delivery,6798.65
253,6825,6,2026-02-02,1,Late Delivery,5696.17
254,6878,307,2026-03-05,2,Damaged,833.24
255,6907,156,2025-01-25,2,Wrong Item,5598.54
256,6936,174,2024-02-18,1,Wrong Item,11057.55
257,6990,248,2023-03-01,1,Size Issue,3987.92
258,7000,106,2024-01-01,2,Damaged,5272.42
259,7036,340,2024-04-23,2,Size Issue,7169.58
260,7037,300,2025-09-20,2,Wrong Item,8097.79
261,7201,218,2025-02-04,1,Size Issue,2072.42
262,7237,494,2023-04-22,1,Defective,3365.91
263,7293,227,2024-08-03,2,Late Delivery,10902.44
264,7333,491,2025-09-20,2,Damaged,6298.76
265,7335,365,2024-10-22,2,Late Delivery,3013.7
266,7366,468,2024-02-08,1,Customer Changed Mind,11419.71
267,7379,475,2024-05-18,2,Wrong Item,5101.87
268,7381,263,2026-03-21,2,Damaged,3868.44
269,7410,426,2024-10-13,1,Customer Changed Mind,4362.57
270,7430,435,2025-07-19,2,Wrong Item,8187.41
271,7437,254,2026-02-14,2,Defective,10243.57
272,7452,447,2026-07-06,2,Damaged,1752.95
273,7457,78,2023-03-09,2,Late Delivery,3892.03
274,7522,383,2024-06-23,2,Damaged,3916.32
275,7551,112,2025-10-05,2,Damaged,1959.16
276,7555,215,2023-09-25,1,Size Issue,3355.41
277,7584,457,2024-04-25,2,Size Issue,7399.86
278,7596,365,2024-08-21,1,Damaged,11706.96
279,7630,379,2024-08-27,1,Late Delivery,8354.9
280,7644,106,2025-04-05,1,Size Issue,9602.96
281,7649,500,2025-02-21,2,Customer Changed Mind,4341.62
282,7682,242,2025-11-19,1,Customer Changed Mind,3335.51
283,7684,368,2026-02-09,2,Defective,7345.37
284,7735,208,2024-07-06,2,Defective,3739.18
285,7739,156,2024-11-26,2,Wrong Item,11148.95
286,7751,372,2023-11-12,2,Wrong Item,3678.16
287,7762,210,2026-01-02,2,Size Issue,1050.36
288,7795,348,2025-11-22,2,Size Issue,7129.81
289,7847,395,2024-03-24,1,Late Delivery,9263.52
290,7853,126,2023-06-11,1,Late Delivery,6378.41
291,7859,487,2023-09-15,1,Damaged,814.28
292,7860,294,2024-03-21,1,Late Delivery,7179.7
293,7861,18,2024-06-29,2,Size Issue,11931.92
294,7863,259,2026-02-26,1,Wrong Item,3333.18
295,7868,91,2023-07-03,1,Customer Changed Mind,429.18
296,7898,53,2026-08-15,2,Wrong Item,10666.92
297,8013,494,2023-06-25,1,Size Issue,1636.54
298,8017,259,2024-11-03,1,Damaged,10987.68
299,8030,211,2023-07-15,2,Damaged,3121.81
300,8043,497,2025-08-16,1,Size Issue,9681.87
301,8090,319,2024-12-12,2,Damaged,6754.92
302,8122,87,2026-07-16,1,Defective,7736.21
303,8148,478,2023-07-18,2,Damaged,11072.6
304,8149,301,2023-02-22,1,Size Issue,11876.04
305,8154,79,2025-06-25,1,Customer Changed Mind,8253.07
306,8171,462,2023-03-17,2,Wrong Item,10561.3
307,8185,280,2025-07-24,1,Defective,10103.76
308,8205,295,2023-02-12,1,Size Issue,5867.09
309,8275,439,2024-01-24,1,Defective,9057.46
310,8276,339,2026-04-13,2,Customer Changed Mind,10118.51
311,8317,443,2023-09-08,1,Wrong Item,11074.76
312,8336,149,2023-09-08,2,Late Delivery,4462.37
313,8365,23,2023-02-02,2,Customer Changed Mind,2117.89
314,8393,463,2023-02-10,2,Size Issue,9996.83
315,8429,322,2026-06-17,2,Damaged,8599.18
316,8432,316,2023-11-12,1,Size Issue,3963.06
317,8446,6,2026-06-24,1,Defective,11724.22
318,8495,452,2025-09-30,1,Defective,8878.81
319,8526,315,2024-11-25,2,Customer Changed Mind,9192.67
320,8527,475,2024-06-03,2,Damaged,546.69
321,8558,312,2024-12-18,2,Late Delivery,11446.45
322,8580,219,2023-10-05,1,Customer Changed Mind,8825.33
323,8667,341,2024-03-10,1,Customer Changed Mind,1837.61
324,8679,312,2026-09-13,2,Defective,11849.2
325,8697,234,2026-07-14,1,Wrong Item,7373.49
326,8736,85,2026-08-19,2,Customer Changed Mind,4986.74
327,8768,322,2024-11-14,1,Late Delivery,5338.73
328,8770,183,2025-02-26,2,Customer Changed Mind,10224.63
329,8802,197,2024-01-07,2,Customer Changed Mind,4524.65
330,8827,230,2025-09-24,1,Customer Changed Mind,11371.14
331,8838,279,2024-11-10,1,Late Delivery,2619.76
332,8845,458,2024-07-06,2,Wrong Item,7284.26
333,8870,170,2026-06-23,2,Damaged,11978.9
334,8936,105,2026-05-23,1,Defective,1685.06
335,8942,92,2025-10-19,1,Damaged,2069.95
336,8956,410,2026-01-25,2,Damaged,1873.64
337,8966,154,2024-09-15,1,Defective,10698.61
338,8967,153,2025-02-11,2,Customer Changed Mind,1357.26
339,9027,267,2026-01-14,1,Defective,8922.28
340,9132,342,2025-03-29,2,Defective,504.29
341,9143,350,2025-01-06,1,Damaged,10429.85
342,9190,396,2024-06-17,1,Size Issue,11341.56
343,9197,388,2023-12-26,2,Wrong Item,476.33
344,9214,180,2025-02-27,2,Size Issue,1148.36
345,9216,279,2024-09-28,2,Size Issue,11469.58
346,9241,397,2024-08-04,2,Customer Changed Mind,10595.61
347,9294,252,2026-08-01,2,Damaged,3827.35
348,9381,409,2024-10-10,2,Size Issue,551.05
349,9390,146,2024-10-05,2,Late Delivery,11985.11
350,9406,355,2023-02-09,1,Damaged,11293.45
351,9419,65,2025-05-20,2,Size Issue,10180.42
352,9422,114,2026-02-28,1,Defective,1202.15
353,9460,232,2024-02-25,1,Customer Changed Mind,11104.27
354,9508,258,2026-03-17,2,Customer Changed Mind,4144.49
355,9519,347,2025-01-18,2,Defective,6258.73
356,9526,207,2023-06-09,1,Damaged,9130.89
357,9545,261,2024-08-29,1,Damaged,2078.57
358,9561,3,2024-08-25,1,Size Issue,7368.82
359,9575,23,2025-05-17,1,Customer Changed Mind,6170.07
360,9578,270,2026-03-18,2,Wrong Item,6945.32
361,9583,63,2024-09-03,1,Damaged,4306.32
362,9598,448,2023-11-01,2,Customer Changed Mind,4173.05
363,9664,233,2026-05-26,2,Customer Changed Mind,3083.66
364,9682,379,2025-11-22,1,Damaged,6808.59
365,9706,173,2023-04-12,2,Customer Changed Mind,5423.23
366,9740,163,2025-12-20,1,Late Delivery,5552.47
367,9813,179,2023-05-17,1,Customer Changed Mind,4232.96
368,9840,125,2024-07-31,1,Late Delivery,11811.28
369,9858,9,2025-09-01,2,Wrong Item,780.65
370,9861,433,2026-07-19,2,Damaged,859.87
371,9874,398,2023-11-13,2,Customer Changed Mind,2568.09
372,9922,142,2025-11-01,2,Customer Changed Mind,3438.69
373,9924,221,2024-07-02,2,Defective,8970.79
374,9990,315,2023-08-10,2,Wrong Item,9560.98
375,10054,219,2026-01-10,2,Customer Changed Mind,9105.64
376,10055,495,2026-05-17,2,Wrong Item,4714.9
377,10110,474,2026-06-21,2,Late Delivery,364.65
378,10115,355,2024-12-11,1,Wrong Item,6423.07
379,10146,182,2026-08-24,2,Wrong Item,4318.85
380,10154,397,2024-12-30,2,Late Delivery,2124.99
381,10171,196,2025-03-12,2,Defective,9719.59
382,10259,314,2026-08-05,1,Size Issue,10912.28
383,10290,145,2024-01-30,1,Size Issue,4963.37
384,10330,412,2023-03-24,1,Size Issue,1236.46
385,10351,411,2024-11-13,2,Damaged,10318.56
386,10407,233,2024-08-16,1,Customer Changed Mind,7218.24
387,10511,66,2026-06-10,2,Size Issue,9345.09
388,10532,342,2023-11-29,1,Wrong Item,8894.53
389,10592,416,2024-11-10,2,Wrong Item,3555.66
390,10615,306,2024-04-14,1,Defective,4195.42
391,10638,480,2026-06-30,2,Damaged,4033.5
392,10669,273,2025-04-09,1,Wrong Item,6054.49
393,10677,100,2023-07-28,1,Defective,4162.59
394,10686,55,2025-09-20,1,Customer Changed Mind,9771.78
395,10709,70,2026-06-14,1,Late Delivery,5653.41
396,10724,210,2025-03-29,1,Wrong Item,6184.12
397,10730,95,2023-06-25,2,Damaged,10914.2
398,10742,34,2023-01-29,1,Damaged,3871.71
399,10777,292,2023-03-09,1,Late Delivery,10894.99
400,10785,349,2026-04-19,2,Wrong Item,4648.26
401,10790,75,2023-04-05,2,Size Issue,7338.94
402,10843,457,2025-05-16,2,Damaged,1685.82
403,10852,41,2023-02-16,1,Wrong Item,4340.11
404,10882,165,2025-03-15,2,Wrong Item,5801.76
405,11027,472,2025-12-11,1,Damaged,11931.69
406,11048,228,2026-04-13,2,Size Issue,4463.45
407,11067,23,2025-02-13,1,Damaged,7721.93
408,11093,442,2025-05-01,1,Size Issue,909.16
409,11111,41,2025-07-11,1,Size Issue,10636.91
410,11138,125,2026-06-07,1,Defective,2601.62
411,11150,293,2023-08-28,2,Late Delivery,1309.8
412,11199,97,2024-03-10,1,Size Issue,707.25
413,11200,16,2023-06-26,1,Damaged,1442.31
414,11233,303,2025-11-14,2,Customer Changed Mind,773.22
415,11243,157,2024-08-11,2,Late Delivery,6378.28
416,11255,146,2025-02-15,1,Damaged,7249.98
417,11277,222,2024-05-17,2,Size Issue,2607.86
418,11319,245,2024-03-18,1,Size Issue,1202.0
419,11320,356,2023-03-05,2,Damaged,5166.5
420,11363,301,2023-03-10,2,Damaged,3039.49
421,11376,220,2023-06-04,2,Size Issue,2342.39
422,11395,22,2024-01-12,2,Late Delivery,6067.89
423,11396,110,2024-02-27,1,Late Delivery,11860.06
424,11468,424,2023-12-01,2,Defective,2039.86
425,11537,249,2024-02-29,1,Size Issue,2733.39
426,11540,131,2024-06-14,1,Wrong Item,11111.38
427,11545,91,2023-11-13,2,Size Issue,9564.79
428,11552,135,2024-12-19,1,Wrong Item,1180.86
429,11557,61,2026-05-11,1,Late Delivery,10018.33
430,11560,362,2025-04-21,2,Damaged,7635.5
431,11580,125,2025-09-13,1,Size Issue,2896.66
432,11597,8,2025-11-17,2,Damaged,621.64
433,11674,344,2025-09-28,1,Late Delivery,3211.74
434,11715,454,2024-01-06,2,Wrong Item,5920.55
435,11723,225,2023-03-12,1,Size Issue,5156.94
436,11747,21,2026-04-24,2,Defective,4795.35
437,11775,270,2025-04-03,1,Customer Changed Mind,4696.23
438,11809,134,2024-07-03,2,Customer Changed Mind,2530.08
439,11836,29,2026-05-21,2,Customer Changed Mind,4308.77
440,11910,17,2026-09-12,2,Size Issue,2488.99
441,11960,225,2026-05-24,1,Customer Changed Mind,6090.23
442,11972,476,2024-07-30,2,Wrong Item,3224.26
443,11985,474,2024-04-22,1,Size Issue,1544.45
444,12006,264,2025-05-31,2,Size Issue,8191.7
445,12009,283,2024-04-11,2,Late Delivery,7229.94
446,12026,45,2024-02-06,1,Wrong Item,4749.55
447,12036,233,2023-11-28,1,Customer Changed Mind,8299.75
448,12042,375,2025-02-07,1,Damaged,3019.04
449,12048,419,2024-04-22,1,Wrong Item,5560.09
450,12100,479,2023-06-12,1,Wrong Item,3633.49
451,12133,79,2025-05-13,1,Customer Changed Mind,9477.63
452,12136,242,2023-12-30,2,Damaged,7853.36
453,12142,356,2023-01-23,2,Defective,5998.31
454,12150,26,2024-10-16,1,Defective,1854.82
455,12156,8,2024-06-26,2,Defective,6211.1
456,12195,30,2024-01-13,1,Late Delivery,4831.51
457,12231,139,2025-04-19,1,Wrong Item,1150.51
458,12239,121,2023-04-14,2,Late Delivery,9188.4
459,12322,380,2023-11-27,1,Defective,6990.32
460,12332,491,2025-09-03,1,Late Delivery,1998.23
461,12335,318,2024-01-23,2,Late Delivery,1602.25
462,12359,130,2026-01-18,2,Damaged,11199.31
463,12370,116,2025-07-29,1,Wrong Item,349.25
464,12447,291,2024-10-26,1,Late Delivery,7474.57
465,12451,306,2023-08-02,2,Late Delivery,845.55
466,12465,444,2025-08-13,2,Late Delivery,7448.56
467,12496,83,2023-12-16,1,Customer Changed Mind,2902.64
468,12530,133,2026-06-26,1,Customer Changed Mind,6888.3
469,12567,274,2024-06-13,2,Late Delivery,8627.62
470,12579,163,2024-05-20,1,Late Delivery,2319.03
471,12597,5,2023-12-10,2,Late Delivery,4240.88
472,12617,219,2024-04-28,2,Wrong Item,7429.4
473,12620,165,2026-03-26,2,Wrong Item,3847.55
474,12622,183,2024-07-19,2,Wrong Item,1541.16
475,12629,72,2026-03-05,2,Late Delivery,3564.21
476,12647,351,2024-11-27,1,Wrong Item,10066.59
477,12659,445,2026-02-27,1,Defective,10851.13
478,12693,471,2025-12-28,1,Defective,7216.24
479,12696,365,2025-03-17,2,Defective,4906.28
480,12706,348,2023-10-04,2,Customer Changed Mind,6215.16
481,12777,56,2024-03-18,2,Size Issue,3932.73
482,12790,434,2026-06-21,1,Customer Changed Mind,2267.1
483,12896,119,2026-06-03,1,Late Delivery,8321.28
484,12947,377,2025-12-23,1,Late Delivery,7849.47
485,12974,29,2025-08-07,1,Customer Changed Mind,11810.39
486,13000,168,2026-04-12,1,Late Delivery,3550.49
487,13093,492,2025-09-20,1,Size Issue,3750.44
488,13147,496,2023-04-08,1,Defective,11594.66
489,13179,1,2024-02-27,1,Customer Changed Mind,6350.76
490,13192,179,2023-11-14,1,Wrong Item,1951.71
491,13197,163,2026-08-14,2,Wrong Item,11709.54
492,13231,123,2024-06-10,2,Damaged,8257.81
493,13246,90,2025-05-22,2,Damaged,7036.71
494,13258,160,2023-07-22,2,Late Delivery,346.1
495,13278,30,2026-03-25,1,Late Delivery,6715.07
496,13290,466,2024-05-17,1,Damaged,8344.64
497,13307,53,2024-04-09,1,Late Delivery,9864.47
498,13336,212,2025-08-16,2,Customer Changed Mind,9694.25
499,13360,390,2024-02-01,2,Damaged,7486.75
500,13365,248,2025-08-20,2,Late Delivery,2456.95
501,13371,296,2025-03-29,2,Customer Changed Mind,6068.17
502,13489,238,2025-10-18,1,Defective,10110.08
503,13516,161,2025-11-07,1,Customer Changed Mind,10477.52
504,13546,443,2025-08-25,1,Late Delivery,7142.63
505,13550,349,2026-01-05,1,Wrong Item,2325.86
506,13559,431,2026-02-06,1,Damaged,974.78
507,13609,88,2025-11-01,2,Customer Changed Mind,1976.55
508,13611,216,2024-09-15,1,Size Issue,8417.51
509,13621,283,2024-01-23,2,Size Issue,5782.66
510,13624,360,2025-01-23,2,Size Issue,455.87
511,13634,321,2023-03-05,2,Defective,9598.0
512,13644,136,2023-08-07,2,Damaged,7205.57
513,13736,454,2025-12-25,2,Customer Changed Mind,7765.16
514,13790,375,2025-06-26,1,Defective,3022.89
515,13804,436,2025-06-24,1,Defective,9575.83
516,13898,229,2024-11-26,2,Customer Changed Mind,1789.84
517,13905,417,2025-12-28,2,Customer Changed Mind,6138.99
518,13949,379,2026-04-04,2,Defective,8786.25
519,13974,126,2023-04-03,2,Defective,7688.06
520,13994,107,2024-12-13,2,Damaged,7385.79
521,14015,342,2024-01-06,1,Wrong Item,8715.96
522,14028,162,2023-07-25,1,Customer Changed Mind,939.0
523,14069,314,2023-02-04,1,Size Issue,998.75
524,14079,230,2024-07-06,1,Size Issue,5997.58
525,14095,322,2024-06-11,2,Late Delivery,4081.63
526,14104,250,2024-06-17,2,Size Issue,9837.69
527,14179,357,2025-03-14,1,Customer Changed Mind,8161.3
528,14184,78,2024-03-30,2,Size Issue,10323.51
529,14195,467,2025-03-08,1,Late Delivery,750.54
530,14232,309,2024-12-12,1,Damaged,3645.2
531,14479,321,2023-06-14,1,Damaged,10360.86
532,14500,388,2024-10-30,2,Size Issue,5175.24
533,14512,158,2024-09-06,2,Size Issue,1661.0
534,14523,300,2024-03-01,2,Customer Changed Mind,6205.77
535,14590,4,2023-09-28,2,Late Delivery,7713.98
536,14625,414,2026-03-01,2,Late Delivery,1363.31
537,14633,280,2023-10-10,1,Late Delivery,4056.2
538,14673,366,2024-05-15,1,Defective,10739.98
539,14706,109,2024-05-22,1,Customer Changed Mind,6441.57
540,14837,476,2023-04-29,2,Defective,10658.77
541,14839,214,2024-08-21,2,Damaged,8015.96
542,14855,268,2026-03-28,1,Customer Changed Mind,1387.46
543,14899,271,2023-02-28,1,Defective,3102.67
544,14908,331,2023-12-18,1,Defective,11136.04
545,14912,221,2023-12-09,1,Damaged,2969.98
546,14920,488,2024-02-11,2,Wrong Item,5444.18
547,14936,239,2026-08-12,1,Size Issue,586.76
548,14971,211,2023-08-20,2,Wrong Item,7539.72
549,14972,89,2023-11-13,2,Wrong Item,10949.51
550,15006,137,2023-11-22,2,Size Issue,8855.87
551,15027,60,2024-11-21,2,Wrong Item,8045.22
552,15051,495,2025-03-30,1,Damaged,8304.25
553,15097,334,2025-01-17,2,Customer Changed Mind,1881.77
554,15106,493,2023-10-29,1,Damaged,8209.77
555,15165,2,2023-03-30,2,Wrong Item,7690.66
556,15179,224,2023-03-03,1,Late Delivery,8358.45
557,15187,373,2023-06-10,2,Wrong Item,350.18
558,15200,312,2024-09-18,1,Damaged,10419.86
559,15207,75,2023-07-07,1,Wrong Item,11696.45
560,15210,197,2024-07-31,1,Customer Changed Mind,515.0
561,15252,308,2023-09-05,2,Customer Changed Mind,6540.84
562,15319,41,2026-05-09,2,Wrong Item,476.84
563,15333,84,2026-08-27,2,Damaged,8994.8
564,15347,270,2023-07-06,2,Damaged,1173.74
565,15359,475,2024-04-21,1,Size Issue,2957.36
566,15362,245,2023-03-21,2,Damaged,6833.66
567,15414,370,2025-10-13,2,Damaged,5199.06
568,15434,386,2024-06-12,1,Size Issue,2319.78
569,15444,426,2025-10-21,1,Wrong Item,11786.74
570,15449,72,2025-02-19,1,Customer Changed Mind,2279.48
571,15454,494,2023-04-11,1,Wrong Item,1535.34
572,15479,398,2023-05-04,2,Late Delivery,9268.8
573,15498,384,2025-03-12,1,Damaged,4644.42
574,15550,244,2025-09-03,1,Defective,5931.87
575,15553,49,2025-02-10,1,Customer Changed Mind,5407.88
576,15584,100,2025-04-30,1,Defective,2318.8
577,15609,156,2025-06-06,2,Size Issue,1841.46
578,15610,90,2025-11-07,1,Late Delivery,6557.98
579,15637,61,2024-08-28,1,Defective,9543.8
580,15640,220,2026-03-04,2,Defective,3173.24
581,15653,291,2026-07-14,1,Defective,6158.61
582,15661,254,2023-01-30,1,Damaged,5807.18
583,15707,470,2024-04-10,2,Size Issue,5522.03
584,15726,372,2025-07-10,1,Wrong Item,7328.14
585,15775,135,2024-04-26,1,Damaged,4153.06
586,15786,26,2023-06-11,2,Damaged,3111.12
587,15787,46,2024-04-03,1,Customer Changed Mind,1751.95
588,15801,153,2023-05-29,1,Customer Changed Mind,1649.01
589,15852,258,2026-03-07,1,Customer Changed Mind,7548.63
590,15873,65,2024-12-31,1,Damaged,3444.95
591,15914,499,2023-12-07,1,Defective,11052.86
592,15927,418,2026-06-10,1,Damaged,11644.49
593,15966,39,2026-06-06,2,Damaged,8562.81
594,15975,401,2023-05-25,1,Customer Changed Mind,10116.87
595,16003,398,2024-11-09,1,Customer Changed Mind,6370.2
596,16030,148,2023-10-23,1,Late Delivery,8545.31
597,16047,494,2025-06-21,1,Wrong Item,11464.41
598,16060,337,2026-06-12,2,Defective,3027.8
599,16064,409,2023-03-17,2,Damaged,11267.03
600,16095,129,2024-07-26,2,Defective,5253.08
601,16122,355,2024-11-12,1,Defective,869.83
602,16189,382,2025-02-11,2,Late Delivery,9689.25
603,16223,394,2025-09-28,2,Defective,2271.32
604,16252,402,2026-04-17,2,Late Delivery,2447.15
605,16284,301,2025-05-31,1,Defective,10956.45
606,16286,430,2025-04-17,2,Defective,8660.91
607,16317,22,2023-11-19,2,Late Delivery,8133.39
608,16318,405,2023-12-03,1,Late Delivery,2342.81
609,16346,185,2023-06-02,1,Size Issue,4970.17
610,16350,115,2023-03-17,2,Customer Changed Mind,338.75
611,16388,162,2025-10-24,2,Size Issue,8342.61
612,16462,16,2023-09-06,1,Defective,10242.31
613,16509,238,2023-06-14,1,Customer Changed Mind,1352.96
614,16556,363,2023-05-15,2,Late Delivery,6828.52
615,16566,242,2026-05-14,1,Defective,9805.33
616,16596,4,2024-07-09,2,Defective,4408.84
617,16603,415,2025-07-21,2,Customer Changed Mind,5212.24
618,16642,93,2025-08-13,2,Late Delivery,3595.02
619,16679,42,2025-10-22,1,Size Issue,2330.04
620,16730,387,2026-08-07,2,Size Issue,1696.3
621,16750,168,2024-06-18,2,Late Delivery,5217.13
622,16776,475,2023-07-14,1,Wrong Item,7663.89
623,16813,85,2025-10-15,1,Wrong Item,8112.39
624,16824,228,2023-08-13,1,Damaged,8637.26
625,16876,384,2024-08-14,2,Size Issue,5119.43
626,16877,409,2026-06-15,2,Customer Changed Mind,3088.05
627,16897,470,2025-10-05,1,Customer Changed Mind,4523.64
628,16920,491,2025-12-22,1,Late Delivery,10146.9
629,16928,443,2023-11-02,2,Late Delivery,9994.56
630,16955,459,2025-04-04,1,Wrong Item,4849.32
631,16971,280,2025-12-09,2,Customer Changed Mind,3658.11
632,16980,126,2025-09-01,2,Defective,8376.03
633,16982,302,2025-01-11,1,Customer Changed Mind,7109.36
634,17020,444,2025-09-24,1,Defective,8185.01
635,17056,361,2024-12-15,1,Damaged,1247.59
636,17060,224,2023-11-11,2,Size Issue,7830.03
637,17070,166,2026-07-06,2,Wrong Item,10378.33
638,17083,258,2024-10-27,1,Size Issue,7919.16
639,17095,408,2024-07-27,1,Late Delivery,6519.54
640,17099,265,2024-03-19,1,Damaged,3173.77
641,17117,447,2024-10-08,1,Defective,3456.98
642,17125,487,2025-01-20,2,Damaged,1088.89
643,17178,227,2025-04-22,2,Customer Changed Mind,4308.73
644,17227,466,2025-11-17,2,Damaged,552.17
645,17252,444,2023-06-14,2,Customer Changed Mind,11602.06
646,17288,22,2025-04-21,2,Size Issue,7694.51
647,17314,455,2023-07-06,1,Late Delivery,1289.23
648,17331,47,2025-09-21,1,Damaged,11116.69
649,17339,436,2023-12-02,1,Size Issue,8410.71
650,17355,16,2024-06-07,1,Size Issue,10991.93
651,17361,99,2026-02-28,2,Size Issue,2351.01
652,17387,389,2024-08-31,2,Wrong Item,6516.64
653,17403,305,2025-09-16,2,Damaged,6209.31
654,17442,439,2024-05-27,2,Late Delivery,8022.64
655,17483,95,2025-03-22,1,Size Issue,1057.46
656,17498,406,2025-10-19,1,Size Issue,8890.58
657,17538,222,2025-08-08,2,Wrong Item,7785.48
658,17553,429,2026-04-29,1,Late Delivery,8853.42
659,17567,329,2026-08-18,1,Customer Changed Mind,6535.75
660,17592,332,2026-07-19,2,Customer Changed Mind,8706.16
661,17595,378,2023-02-14,2,Damaged,2305.69
662,17636,132,2025-09-13,2,Size Issue,4273.76
663,17662,115,2026-09-05,2,Size Issue,6713.07
664,17672,467,2025-03-22,1,Customer Changed Mind,9952.66
665,17704,439,2024-12-28,2,Customer Changed Mind,2518.08
666,17712,477,2025-08-04,1,Customer Changed Mind,9215.58
667,17726,147,2025-05-16,2,Customer Changed Mind,2677.34
668,17732,184,2023-08-03,2,Damaged,1808.87
669,17746,366,2025-04-02,1,Size Issue,9893.45
670,17756,489,2025-02-24,2,Defective,2394.34
671,17764,214,2024-05-12,1,Damaged,1007.52
672,17801,337,2023-04-19,2,Defective,6565.87
673,17896,354,2026-02-11,1,Wrong Item,769.8
674,17900,460,2023-09-22,2,Late Delivery,518.02
675,17902,218,2023-07-22,2,Customer Changed Mind,6003.98
676,17949,86,2024-03-30,1,Damaged,11959.59
677,17973,374,2023-11-28,1,Wrong Item,748.74
678,17989,438,2025-01-25,2,Damaged,326.24
679,17997,6,2023-08-20,2,Late Delivery,7885.19
680,18011,468,2024-06-26,2,Defective,4230.28
681,18098,275,2025-11-14,1,Damaged,8218.65
682,18123,235,2024-06-14,1,Wrong Item,750.05
683,18130,38,2024-12-25,1,Wrong Item,6182.42
684,18131,89,2025-09-20,2,Damaged,10591.64
685,18133,158,2025-12-30,1,Size Issue,6435.76
686,18161,5,2025-12-15,2,Defective,1134.83
687,18222,245,2024-12-03,1,Customer Changed Mind,10254.99
688,18292,369,2025-12-21,1,Size Issue,2218.21
689,18305,18,2025-01-05,1,Defective,11770.59
690,18348,385,2025-05-31,2,Damaged,3184.14
691,18367,71,2025-09-15,1,Wrong Item,11515.87
692,18368,89,2023-01-19,2,Size Issue,3635.23
693,18385,221,2025-03-07,2,Size Issue,4522.27
694,18406,324,2024-08-06,2,Customer Changed Mind,10671.53
695,18408,21,2026-01-23,2,Defective,4269.65
696,18423,210,2025-03-15,2,Size Issue,3840.68
697,18425,272,2025-11-27,1,Wrong Item,9050.49
698,18442,184,2024-03-25,2,Wrong Item,6217.17
699,18465,61,2026-04-28,1,Damaged,7401.39
700,18472,177,2025-06-03,2,Late Delivery,7471.45
701,18473,195,2023-11-08,2,Damaged,7042.74
702,18502,444,2025-01-03,2,Customer Changed Mind,825.19
703,18552,396,2025-07-09,1,Damaged,3335.91
704,18559,32,2025-09-17,2,Wrong Item,8672.83
705,18564,218,2024-11-22,1,Late Delivery,4550.38
706,18576,500,2024-04-04,1,Wrong Item,3385.93
707,18593,192,2024-12-13,1,Size Issue,8561.92
708,18622,141,2024-11-21,1,Damaged,10165.47
709,18645,297,2024-06-05,2,Wrong Item,1847.02
710,18658,350,2025-08-19,2,Late Delivery,5795.41
711,18660,121,2023-12-22,2,Customer Changed Mind,11452.29
712,18742,220,2024-11-03,1,Defective,5386.08
713,18750,392,2024-02-24,2,Late Delivery,5074.04
714,18764,305,2026-05-12,1,Late Delivery,4860.45
715,18776,40,2024-12-05,2,Customer Changed Mind,5025.96
716,18791,443,2025-04-15,1,Customer Changed Mind,1289.58
717,18794,69,2024-04-13,1,Size Issue,9362.12
718,18795,243,2026-03-07,2,Late Delivery,9498.13
719,18878,372,2025-03-05,2,Defective,8556.5
720,18886,19,2024-07-19,2,Size Issue,11608.7
721,18950,118,2026-04-03,1,Defective,9607.4
722,18984,195,2025-03-23,1,Damaged,5439.51
723,19003,189,2024-02-28,2,Wrong Item,3895.05
724,19026,18,2026-01-26,1,Customer Changed Mind,2666.34
725,19034,4,2026-05-03,1,Wrong Item,2692.56
726,19050,459,2024-10-22,2,Defective,8655.7
727,19076,73,2024-10-19,2,Wrong Item,2833.96
728,19130,209,2025-10-24,2,Damaged,2642.47
729,19150,423,2023-10-29,2,Wrong Item,9240.65
730,19162,315,2024-06-09,1,Late Delivery,3128.68
731,19172,399,2026-05-23,1,Late Delivery,946.02
732,19215,268,2023-06-12,2,Wrong Item,11056.15
733,19363,398,2026-05-30,2,Defective,7437.8
734,19398,187,2025-10-27,2,Late Delivery,6248.05
735,19403,155,2025-02-15,1,Size Issue,1263.98
736,19418,230,2023-02-09,1,Defective,4142.63
737,19420,468,2025-09-07,2,Customer Changed Mind,3311.15
738,19427,194,2023-08-22,1,Defective,9545.39
739,19463,249,2023-03-13,1,Damaged,488.07
740,19466,13,2024-12-26,2,Late Delivery,11424.36
741,19480,291,2023-03-06,1,Damaged,6977.53
742,19490,97,2025-01-17,2,Customer Changed Mind,4563.96
743,19496,33,2026-05-22,1,Size Issue,8230.26
744,19502,332,2024-11-20,1,Customer Changed Mind,7426.55
745,19514,476,2025-09-27,2,Wrong Item,2173.57
746,19535,382,2023-02-04,1,Customer Changed Mind,5853.48
747,19539,222,2025-09-30,2,Wrong Item,5462.93
748,19559,308,2023-12-30,2,Defective,1155.61
749,19566,465,2025-09-01,1,Defective,11287.9
750,19575,347,2026-01-29,1,Wrong Item,8406.89
751,19592,17,2024-09-15,2,Damaged,8195.47
752,19627,416,2026-02-23,2,Wrong Item,11477.74
753,19637,210,2026-08-16,1,Damaged,3287.71
754,19659,400,2026-04-22,1,Customer Changed Mind,9867.86
755,19689,296,2025-12-17,1,Defective,4396.09
756,19735,208,2023-11-10,1,Wrong Item,6320.52
757,19809,157,2023-04-24,1,Wrong Item,11283.63
758,19836,188,2025-03-01,2,Damaged,10643.88
759,19843,452,2026-02-23,2,Defective,2357.08
760,19883,37,2023-07-16,1,Damaged,2871.4
761,19922,148,2023-10-07,1,Damaged,8712.71
762,19936,222,2026-05-13,2,Late Delivery,7214.79
763,19979,384,2025-10-10,2,Size Issue,3019.28
764,19990,490,2026-01-30,1,Defective,2706.06
765,20008,119,2025-03-30,2,Customer Changed Mind,5371.3
766,20024,77,2025-05-25,1,Wrong Item,4491.88
767,20026,158,2024-02-05,2,Defective,10057.37
768,20052,10,2026-06-01,2,Damaged,3984.17
769,20088,495,2024-07-05,2,Wrong Item,5615.75
770,20152,36,2024-08-06,1,Size Issue,1673.94
771,20155,408,2024-08-23,1,Late Delivery,4227.01
772,20157,21,2026-01-07,1,Wrong Item,1706.14
773,20203,132,2025-03-16,1,Wrong Item,3286.5
774,20236,208,2026-04-16,2,Size Issue,4980.59
775,20240,444,2025-06-12,2,Damaged,6136.19
776,20247,277,2026-02-13,1,Wrong Item,7985.87
777,20274,333,2024-05-04,1,Defective,2511.06
778,20307,176,2025-03-16,2,Damaged,1007.24
779,20354,200,2024-04-29,2,Size Issue,7582.5
780,20440,37,2023-05-26,2,Size Issue,2188.76
781,20450,90,2023-04-09,1,Size Issue,6899.96
782,20537,408,2025-05-13,1,Defective,6582.76
783,20591,171,2023-04-11,1,Late Delivery,11958.01
784,20604,39,2025-12-11,1,Customer Changed Mind,1374.73
785,20608,52,2025-12-18,2,Size Issue,7674.41
786,20687,179,2024-01-30,2,Damaged,7143.26
787,20710,484,2023-08-13,2,Size Issue,3960.41
788,20742,395,2026-05-29,1,Damaged,10478.87
789,20748,232,2023-10-27,2,Late Delivery,5097.74
790,20756,164,2025-04-19,2,Size Issue,5120.75
791,20772,393,2023-11-10,2,Damaged,6164.55
792,20780,285,2025-11-21,2,Defective,1052.19
793,20790,461,2025-04-14,2,Size Issue,8232.07
794,20825,127,2024-03-28,2,Customer Changed Mind,2579.56
795,20834,481,2025-10-12,2,Late Delivery,3999.96
796,20848,181,2025-09-22,1,Wrong Item,1281.84
797,20868,151,2025-04-02,1,Customer Changed Mind,6948.73
798,20869,41,2025-09-10,1,Defective,8410.45
799,20871,86,2024-11-19,1,Wrong Item,10207.55
800,20897,170,2023-06-29,1,Wrong Item,11941.09
801,20929,14,2023-12-21,2,Size Issue,6795.74
802,20953,210,2024-09-25,2,Size Issue,11517.96
803,20964,338,2026-06-30,1,Late Delivery,4001.05
804,20971,94,2024-09-04,1,Late Delivery,305.09
805,20980,496,2025-06-05,2,Wrong Item,5933.0
806,21009,345,2025-01-31,2,Defective,10921.8
807,21015,392,2025-03-04,1,Wrong Item,1354.63
808,21020,293,2024-10-14,2,Size Issue,3777.52
809,21028,281,2025-09-26,1,Damaged,11475.85
810,21029,270,2026-03-10,2,Wrong Item,2514.02
811,21030,27,2026-06-14,2,Late Delivery,4150.24
812,21059,289,2025-07-03,1,Damaged,10107.55
813,21080,26,2025-06-17,1,Damaged,1817.64
814,21085,193,2025-08-11,2,Wrong Item,4718.39
815,21142,109,2024-07-20,1,Late Delivery,10833.97
816,21197,76,2024-05-17,1,Late Delivery,5287.16
817,21207,237,2024-10-25,1,Late Delivery,11068.0
818,21249,449,2024-04-03,2,Customer Changed Mind,4436.04
819,21254,164,2026-03-25,2,Customer Changed Mind,8993.05
820,21328,198,2024-08-29,2,Wrong Item,9248.03
821,21340,122,2023-04-03,2,Damaged,3015.6
822,21399,7,2024-05-09,2,Defective,7053.56
823,21464,74,2023-03-07,1,Wrong Item,10733.18
824,21473,315,2025-06-30,1,Wrong Item,3862.67
825,21504,155,2024-11-10,1,Defective,10105.94
826,21518,291,2024-08-30,2,Wrong Item,7742.78
827,21547,369,2026-05-13,1,Wrong Item,2909.37
828,21567,285,2026-04-03,2,Damaged,1544.29
829,21581,115,2024-05-06,1,Customer Changed Mind,8676.17
830,21589,207,2025-02-05,1,Wrong Item,10248.25
831,21591,471,2026-07-28,1,Damaged,4825.03
832,21595,468,2025-11-27,2,Defective,4351.81
833,21609,442,2023-03-17,2,Size Issue,6954.06
834,21680,202,2025-06-02,1,Defective,9125.63
835,21688,149,2024-10-08,1,Damaged,562.13
836,21837,176,2024-01-06,2,Damaged,1751.58
837,21915,340,2024-08-31,1,Size Issue,7394.28
838,21945,402,2025-12-11,1,Wrong Item,11370.13
839,22005,122,2023-03-10,1,Size Issue,1251.24
840,22025,33,2023-03-24,1,Size Issue,6538.76
841,22032,192,2023-10-13,1,Customer Changed Mind,8791.36
842,22057,238,2024-09-11,1,Defective,7377.23
843,22099,35,2023-09-27,1,Size Issue,4001.45
844,22104,243,2024-12-17,1,Wrong Item,7717.56
845,22194,416,2025-02-23,1,Defective,6104.41
846,22303,299,2024-07-18,1,Wrong Item,7848.11
847,22309,380,2025-06-03,1,Damaged,5484.58
848,22316,389,2024-07-24,2,Late Delivery,4464.97
849,22356,340,2024-09-18,2,Damaged,10270.58
850,22393,307,2024-08-16,2,Late Delivery,10330.53
851,22400,478,2024-08-17,2,Damaged,7393.41
852,22418,413,2025-10-31,1,Wrong Item,2062.78
853,22494,349,2026-03-16,1,Late Delivery,3296.71
854,22511,125,2025-04-18,1,Late Delivery,7738.46
855,22512,452,2025-09-15,1,Late Delivery,2608.8
856,22524,84,2025-12-16,2,Size Issue,7227.27
857,22530,262,2026-03-20,1,Size Issue,3053.8
858,22584,164,2026-03-12,1,Customer Changed Mind,10687.69
859,22585,226,2026-06-02,2,Late Delivery,2782.81
860,22626,236,2023-06-26,2,Customer Changed Mind,11874.14
861,22632,461,2025-08-03,2,Damaged,3771.61
862,22656,162,2024-07-11,1,Late Delivery,9255.65
863,22691,53,2026-05-24,1,Late Delivery,1126.27
864,22697,209,2024-07-20,1,Size Issue,9811.17
865,22719,261,2023-06-09,1,Wrong Item,11563.96
866,22726,121,2026-04-30,1,Damaged,11877.23
867,22800,104,2023-02-20,1,Late Delivery,2165.33
868,22804,351,2024-07-02,1,Late Delivery,7427.88
869,22827,135,2024-08-17,1,Wrong Item,5370.73
870,22958,280,2024-07-04,1,Wrong Item,4833.32
871,23009,302,2024-01-09,1,Wrong Item,7914.47
872,23034,235,2024-02-09,1,Defective,3605.08
873,23045,213,2026-07-27,1,Size Issue,11720.35
874,23047,10,2023-08-27,2,Defective,6296.69
875,23062,79,2023-12-31,2,Size Issue,504.23
876,23068,279,2024-10-30,1,Wrong Item,11110.93
877,23093,479,2023-02-21,2,Customer Changed Mind,10567.31
878,23113,319,2024-11-11,2,Wrong Item,6573.13
879,23153,123,2023-08-04,1,Wrong Item,5696.86
880,23191,432,2025-06-09,1,Defective,3932.87
881,23197,470,2023-11-23,2,Wrong Item,4721.42
882,23217,264,2024-03-28,1,Size Issue,4799.9
883,23247,157,2025-05-27,2,Late Delivery,3246.09
884,23282,365,2026-03-06,1,Size Issue,4884.36
885,23305,355,2026-02-02,1,Size Issue,9705.37
886,23309,171,2025-09-13,2,Customer Changed Mind,9195.43
887,23313,86,2025-01-17,2,Late Delivery,1696.74
888,23317,149,2025-06-21,2,Damaged,10688.64
889,23344,395,2025-08-04,2,Wrong Item,1141.73
890,23384,270,2024-01-05,1,Size Issue,3872.72
891,23397,210,2023-04-03,2,Defective,2828.76
892,23504,195,2024-07-14,2,Defective,9939.12
893,23510,423,2025-02-27,2,Late Delivery,5147.26
894,23536,181,2023-12-07,2,Defective,1713.7
895,23560,293,2023-09-13,2,Defective,6277.09
896,23564,447,2024-01-10,2,Customer Changed Mind,7275.38
897,23583,359,2025-04-07,1,Customer Changed Mind,11837.28
898,23598,308,2023-02-20,2,Late Delivery,5699.02
899,23621,232,2024-05-08,1,Customer Changed Mind,8993.67
900,23622,300,2026-07-31,2,Late Delivery,2171.68
901,23644,361,2025-09-12,2,Late Delivery,2371.48
902,23698,219,2023-10-11,1,Wrong Item,5087.2
903,23704,58,2026-04-19,1,Defective,10373.41
904,23729,423,2023-10-30,1,Damaged,5726.39
905,23755,2,2023-07-20,1,Size Issue,9348.02
906,23777,281,2024-12-04,2,Late Delivery,2974.85
907,23821,160,2025-11-26,2,Defective,5609.83
908,23822,352,2024-10-30,1,Wrong Item,976.66
909,23839,121,2026-02-07,2,Customer Changed Mind,3017.26
910,23903,195,2024-02-05,2,Customer Changed Mind,10701.02
911,23911,269,2024-01-10,1,Customer Changed Mind,4327.65
912,23928,204,2023-12-07,1,Customer Changed Mind,10846.6
913,23932,21,2023-02-09,1,Size Issue,6053.02
914,23958,378,2025-07-04,2,Wrong Item,704.19
915,23988,339,2026-03-16,1,Defective,3891.98
916,23996,98,2023-06-16,2,Late Delivery,7103.73
917,24012,105,2026-07-25,2,Damaged,2815.88
918,24053,490,2023-03-04,2,Customer Changed Mind,10571.11
919,24058,207,2026-01-15,2,Wrong Item,5328.81
920,24103,348,2026-07-04,1,Late Delivery,2370.31
921,24104,339,2023-10-20,1,Customer Changed Mind,2094.87
922,24174,157,2023-07-19,2,Damaged,3275.37
923,24175,280,2026-04-26,2,Customer Changed Mind,1779.25
924,24200,320,2023-07-20,1,Defective,3851.59
925,24219,425,2025-12-20,1,Customer Changed Mind,8378.83
926,24237,490,2024-01-02,1,Damaged,11807.96
927,24285,307,2025-05-25,1,Customer Changed Mind,2548.07
928,24310,128,2024-08-18,1,Customer Changed Mind,7626.77
929,24315,362,2026-05-24,1,Late Delivery,10686.15
930,24323,461,2023-05-30,1,Wrong Item,4166.73
931,24382,492,2023-02-24,2,Customer Changed Mind,7361.92
932,24423,103,2024-08-13,2,Customer Changed Mind,8315.81
933,24430,127,2024-10-03,1,Damaged,2937.18
934,24449,445,2026-03-19,2,Wrong Item,5938.32
935,24468,373,2023-07-20,1,Damaged,5951.86
936,24476,346,2025-06-18,1,Damaged,9287.9
937,24580,271,2024-01-10,2,Defective,7190.82
938,24624,161,2025-10-12,1,Wrong Item,4835.84
939,24700,373,2025-11-12,1,Defective,2022.43
940,24703,133,2025-11-25,2,Size Issue,557.39
941,24735,353,2023-10-18,2,Damaged,3368.83
942,24800,179,2023-05-27,2,Customer Changed Mind,3284.51
943,24861,436,2023-06-28,2,Defective,9029.23
944,24873,23,2026-05-23,1,Customer Changed Mind,2283.19
945,24944,156,2024-12-23,2,Wrong Item,5549.57
946,24945,256,2026-04-11,2,Defective,7375.09
947,24947,294,2024-10-06,1,Damaged,6877.87
948,24960,193,2024-10-01,2,Size Issue,6086.98
949,24963,98,2025-03-26,1,Size Issue,10373.21
950,24997,159,2025-10-21,1,Size Issue,5868.54
951,25044,404,2025-01-05,1,Wrong Item,8122.51
952,25070,106,2026-03-28,1,Wrong Item,2788.65
953,25071,227,2026-04-30,1,Late Delivery,4624.18
954,25226,115,2023-08-01,2,Late Delivery,6000.86
955,25237,105,2023-09-17,2,Wrong Item,6498.85
956,25239,122,2024-01-14,1,Damaged,8203.02
957,25265,359,2025-06-09,1,Defective,7091.14
958,25346,322,2025-05-30,2,Late Delivery,2290.31
959,25376,417,2023-04-05,1,Late Delivery,9788.83
960,25408,202,2023-04-01,1,Customer Changed Mind,5778.67
961,25423,192,2025-10-11,2,Defective,6687.36
962,25501,173,2023-12-17,1,Defective,11509.3
963,25519,151,2025-10-22,2,Wrong Item,2876.19
964,25535,123,2024-09-14,2,Defective,4126.68
965,25547,346,2023-03-19,1,Wrong Item,9447.68
966,25565,469,2025-01-30,2,Damaged,10831.53
967,25583,406,2024-02-26,2,Customer Changed Mind,650.95
968,25614,275,2023-10-14,2,Size Issue,1406.05
969,25635,351,2026-04-26,2,Customer Changed Mind,4301.02
970,25656,407,2024-11-07,2,Size Issue,2598.11
971,25661,189,2026-05-18,2,Late Delivery,4404.58
972,25674,87,2026-01-17,2,Wrong Item,3222.36
973,25690,318,2025-03-21,1,Defective,5929.25
974,25711,145,2024-07-14,2,Size Issue,8939.67
975,25759,455,2026-02-01,2,Late Delivery,1505.21
976,25828,122,2024-10-17,1,Damaged,5154.72
977,25846,377,2025-01-23,2,Late Delivery,11391.3
978,25875,34,2023-11-22,1,Defective,5170.59
979,25886,153,2025-11-16,2,Wrong Item,4301.82
980,25896,351,2026-04-08,1,Customer Changed Mind,8667.16
981,25921,331,2026-06-16,1,Defective,3578.0
982,25962,363,2025-08-07,2,Late Delivery,11221.87
983,25964,24,2023-08-14,2,Wrong Item,343.08
984,25966,201,2024-09-15,1,Wrong Item,7290.57
985,25984,385,2024-02-17,1,Wrong Item,10417.86
986,25996,190,2023-05-03,2,Late Delivery,3446.13
987,26025,176,2025-05-23,2,Customer Changed Mind,10216.22
988,26050,275,2024-12-06,2,Late Delivery,8720.66
989,26064,47,2024-09-24,2,Customer Changed Mind,3160.13
990,26089,259,2023-08-20,2,Defective,7910.79
991,26140,458,2025-11-28,2,Wrong Item,10558.84
992,26164,198,2025-06-29,2,Size Issue,6507.55
993,26165,146,2024-07-01,2,Damaged,8332.22
994,26178,124,2025-01-09,1,Damaged,971.35
995,26180,387,2025-12-15,2,Customer Changed Mind,3486.18
996,26192,375,2024-08-27,2,Size Issue,10944.93
997,26208,466,2023-07-24,2,Late Delivery,946.96
998,26221,148,2024-12-11,1,Late Delivery,4516.5
999,26229,332,2024-01-19,2,Defective,395.95
1000,26240,97,2023-07-07,1,Size Issue,3933.82
1001,26262,412,2026-07-31,2,Wrong Item,8108.59
1002,26263,400,2026-07-23,2,Wrong Item,4521.95
1003,26285,379,2023-02-14,2,Damaged,3765.28
1004,26289,20,2023-09-11,1,Size Issue,5434.22
1005,26316,439,2026-05-06,2,Wrong Item,2319.57
1006,26381,354,2023-09-16,2,Late Delivery,11912.85
1007,26388,326,2026-07-18,2,Late Delivery,8513.03
1008,26458,406,2024-11-23,1,Defective,11498.94
1009,26497,275,2023-06-25,1,Damaged,841.37
1010,26498,455,2026-02-02,1,Late Delivery,2345.0
1011,26506,312,2024-04-30,2,Size Issue,1324.79
1012,26513,218,2023-12-25,1,Size Issue,6346.7
1013,26521,197,2026-04-04,2,Customer Changed Mind,3234.53
1014,26532,137,2023-12-24,1,Late Delivery,3951.61
1015,26598,82,2023-06-29,2,Damaged,11393.7
1016,26599,440,2023-02-27,2,Size Issue,8598.82
1017,26615,52,2025-08-08,2,Damaged,5578.13
1018,26645,364,2026-04-01,1,Damaged,5846.02
1019,26665,120,2023-12-22,2,Late Delivery,3957.62
1020,26685,11,2023-05-21,1,Late Delivery,11388.47
1021,26734,332,2025-07-13,1,Defective,8727.21
1022,26742,497,2023-11-19,2,Size Issue,11589.55
1023,26756,386,2025-12-17,1,Late Delivery,9046.12
1024,26814,125,2025-06-13,1,Size Issue,9192.4
1025,26815,213,2026-06-19,2,Defective,6502.24
1026,26829,324,2023-01-23,1,Size Issue,1253.05
1027,26849,273,2024-05-10,2,Wrong Item,1377.55
1028,26900,444,2025-10-09,2,Customer Changed Mind,10033.66
1029,26915,154,2024-12-02,2,Wrong Item,2309.92
1030,26934,220,2025-06-06,1,Wrong Item,1188.42
1031,27006,444,2023-02-14,1,Damaged,4901.8
1032,27105,424,2026-04-26,2,Damaged,1975.18
1033,27129,87,2025-06-15,1,Wrong Item,8800.93
1034,27163,329,2023-09-21,2,Wrong Item,6943.89
1035,27180,32,2026-08-13,2,Damaged,7576.48
1036,27208,63,2023-05-05,2,Size Issue,8347.87
1037,27330,353,2026-07-14,1,Damaged,9642.22
1038,27362,422,2025-11-28,1,Wrong Item,5851.07
1039,27375,320,2026-05-25,1,Wrong Item,6800.43
1040,27401,120,2026-05-24,1,Size Issue,8253.92
1041,27429,372,2026-04-28,2,Damaged,11672.83
1042,27443,175,2023-05-30,1,Wrong Item,459.19
1043,27482,186,2026-05-10,1,Wrong Item,8942.61
1044,27519,12,2025-04-11,1,Customer Changed Mind,947.92
1045,27566,223,2024-09-21,1,Customer Changed Mind,10759.67
1046,27587,209,2023-09-15,1,Late Delivery,5596.34
1047,27596,432,2023-05-30,1,Late Delivery,8366.66
1048,27627,279,2024-05-30,2,Size Issue,2350.43
1049,27632,161,2025-08-28,1,Defective,11925.6
1050,27644,11,2023-09-06,2,Size Issue,4520.27
1051,27674,416,2024-04-22,2,Late Delivery,11139.88
1052,27692,198,2024-02-09,1,Defective,11982.87
1053,27718,65,2024-05-22,1,Wrong Item,3518.49
1054,27751,235,2024-08-16,1,Late Delivery,3508.93
1055,27824,261,2025-02-18,2,Customer Changed Mind,1045.21
1056,27887,326,2024-02-25,1,Late Delivery,7262.2
1057,27894,246,2025-10-11,1,Damaged,7191.82
1058,27907,256,2024-01-15,1,Customer Changed Mind,4896.57
1059,27920,33,2025-04-26,1,Customer Changed Mind,9330.21
1060,27931,207,2023-09-12,1,Defective,3984.5
1061,27936,64,2026-01-02,1,Wrong Item,11033.43
1062,27951,432,2023-04-16,2,Wrong Item,2120.49
1063,27965,270,2023-12-06,2,Size Issue,4146.93
1064,27983,354,2025-08-28,2,Defective,5993.24
1065,28009,426,2026-06-22,2,Defective,7740.72
1066,28054,80,2024-08-19,2,Customer Changed Mind,5736.71
1067,28095,275,2024-06-16,2,Damaged,5396.94
1068,28179,75,2025-10-22,2,Late Delivery,4422.56
1069,28239,28,2025-01-31,1,Late Delivery,831.67
1070,28240,238,2024-11-07,2,Damaged,9179.24
1071,28259,4,2024-12-08,2,Size Issue,11296.71
1072,28304,373,2025-07-02,2,Size Issue,2826.06
1073,28309,298,2025-06-17,1,Late Delivery,3468.49
1074,28313,326,2026-06-11,1,Customer Changed Mind,7793.65
1075,28329,399,2024-07-11,2,Defective,11334.85
1076,28377,73,2025-03-10,1,Defective,2027.79
1077,28447,78,2026-04-17,1,Defective,8809.52
1078,28479,342,2023-06-26,1,Late Delivery,11608.72
1079,28482,434,2023-07-31,2,Late Delivery,11933.25
1080,28595,278,2024-05-18,2,Defective,10179.27
1081,28643,418,2024-07-05,1,Late Delivery,9504.32
1082,28681,478,2025-06-30,1,Damaged,4551.45
1083,28689,131,2024-02-08,1,Late Delivery,1029.84
1084,28694,64,2026-08-01,1,Size Issue,9414.8
1085,28695,452,2023-04-05,1,Late Delivery,516.19
1086,28734,463,2024-05-05,2,Customer Changed Mind,8650.73
1087,28735,339,2023-12-01,2,Customer Changed Mind,7337.65
1088,28739,345,2025-09-12,1,Defective,1350.73
1089,28751,389,2025-11-06,1,Defective,7941.04
1090,28763,173,2023-11-22,1,Late Delivery,681.82
1091,28792,325,2023-11-25,2,Defective,4286.58
1092,28794,53,2023-12-02,2,Defective,11072.57
1093,28831,173,2025-12-29,2,Late Delivery,584.59
1094,28835,498,2026-07-26,1,Defective,7161.76
1095,28855,320,2025-07-08,2,Customer Changed Mind,1017.8
1096,28889,365,2024-03-19,1,Size Issue,9788.3
1097,28892,360,2025-07-19,2,Customer Changed Mind,527.66
1098,28894,257,2025-11-08,2,Wrong Item,1649.51
1099,28966,67,2025-04-27,1,Late Delivery,11766.76
1100,28969,28,2025-05-21,1,Late Delivery,3046.85
1101,28972,139,2025-05-28,1,Customer Changed Mind,3433.97
1102,28977,82,2024-10-04,2,Damaged,11740.93
1103,29045,328,2023-12-20,2,Customer Changed Mind,2952.64
1104,29077,38,2024-11-25,1,Wrong Item,11930.83
1105,29092,196,2025-12-14,1,Wrong Item,4949.44
1106,29119,26,2024-01-12,1,Defective,8698.69
1107,29143,18,2025-08-24,2,Late Delivery,6550.99
1108,29171,441,2023-03-24,1,Late Delivery,5955.39
1109,29195,324,2024-06-24,2,Defective,3345.87
1110,29241,174,2025-03-03,2,Wrong Item,5594.77
1111,29246,99,2024-08-30,2,Customer Changed Mind,7299.22
1112,29254,162,2025-08-11,2,Wrong Item,5163.58
1113,29317,460,2024-07-07,2,Damaged,6208.94
1114,29339,329,2024-02-02,2,Wrong Item,8770.77
1115,29346,355,2023-04-30,2,Damaged,6643.25
1116,29403,242,2024-10-30,2,Size Issue,7029.58
1117,29408,119,2023-06-02,1,Late Delivery,8282.18
1118,29410,189,2023-10-11,2,Defective,8328.61
1119,29421,184,2026-01-20,1,Defective,11595.73
1120,29440,132,2024-11-21,1,Wrong Item,1114.51
1121,29464,256,2025-01-24,1,Late Delivery,10674.66
1122,29513,449,2023-08-27,2,Late Delivery,11498.19
1123,29566,500,2023-08-23,1,Late Delivery,8836.42
1124,29577,255,2024-09-02,1,Late Delivery,4664.56
1125,29587,357,2023-05-12,1,Late Delivery,1182.95
1126,29591,257,2025-02-21,2,Late Delivery,3651.56
1127,29595,371,2025-05-26,1,Defective,2521.01
1128,29601,412,2026-08-08,2,Customer Changed Mind,1376.71
1129,29602,339,2023-03-19,1,Late Delivery,5863.91
1130,29606,383,2026-08-23,1,Customer Changed Mind,6808.5
1131,29608,253,2024-06-19,1,Size Issue,6073.66
1132,29627,48,2026-07-12,2,Damaged,665.61
1133,29638,260,2026-02-27,1,Defective,10900.53
1134,29729,9,2024-03-11,2,Wrong Item,7856.03
1135,29731,154,2023-02-23,2,Size Issue,1565.02
1136,29846,114,2025-10-21,1,Defective,6356.28
1137,29869,152,2023-04-21,1,Size Issue,6995.32
1138,29898,464,2026-01-26,1,Defective,10923.89
1139,29973,431,2023-12-11,1,Customer Changed Mind,10558.11
1140,30014,465,2025-11-16,2,Customer Changed Mind,11691.07
1141,30017,66,2023-02-07,1,Wrong Item,4477.29
1142,30075,421,2024-09-28,1,Customer Changed Mind,4544.7
1143,30100,444,2023-08-10,2,Defective,9215.63
1144,30166,45,2026-05-20,1,Late Delivery,8908.58
1145,30187,269,2024-04-05,2,Late Delivery,8967.63
1146,30219,348,2025-09-23,2,Damaged,4610.55
1147,30276,115,2024-06-10,2,Size Issue,4574.03
1148,30382,172,2023-04-28,1,Customer Changed Mind,2247.58
1149,30408,83,2025-09-02,2,Size Issue,11016.17
1150,30511,71,2023-02-16,1,Customer Changed Mind,10910.55
1151,30527,425,2024-08-15,2,Late Delivery,11240.57
1152,30531,325,2025-09-23,1,Customer Changed Mind,1169.87
1153,30536,231,2024-11-23,2,Size Issue,5413.63
1154,30556,253,2024-02-04,2,Defective,5460.74
1155,30579,131,2023-02-22,1,Late Delivery,7107.7
1156,30599,320,2024-08-08,1,Defective,729.06
1157,30602,307,2026-04-25,2,Size Issue,10487.49
1158,30646,374,2023-11-11,2,Defective,7601.81
1159,30655,265,2024-08-17,2,Customer Changed Mind,3299.66
1160,30656,433,2024-03-02,1,Size Issue,5715.96
1161,30681,335,2024-11-08,2,Defective,1566.11
1162,30706,419,2024-05-04,2,Defective,8716.46
1163,30748,304,2025-01-07,1,Wrong Item,4225.48
1164,30801,433,2023-04-02,2,Defective,8685.18
1165,30814,429,2024-07-08,1,Size Issue,6273.72
1166,30826,135,2023-04-26,1,Size Issue,10516.18
1167,30972,279,2025-11-14,2,Late Delivery,10149.74
1168,30995,173,2024-01-03,2,Customer Changed Mind,10350.16
1169,31001,257,2024-07-19,2,Defective,9965.15
1170,31003,273,2023-10-02,1,Defective,4448.65
1171,31076,377,2026-04-24,2,Wrong Item,10797.66
1172,31080,175,2024-12-20,2,Late Delivery,9493.75
1173,31113,41,2026-09-10,2,Customer Changed Mind,769.72
1174,31133,150,2026-05-01,1,Customer Changed Mind,9944.31
1175,31184,166,2026-05-06,2,Size Issue,4925.1
1176,31190,433,2024-03-23,1,Customer Changed Mind,10078.78
1177,31236,218,2024-08-22,1,Damaged,2595.75
1178,31272,365,2025-10-07,2,Size Issue,1878.29
1179,31280,41,2026-06-17,2,Defective,9069.1
1180,31304,468,2023-09-13,1,Customer Changed Mind,2234.75
1181,31309,292,2025-05-08,1,Wrong Item,3476.31
1182,31315,55,2026-04-16,1,Late Delivery,3512.28
1183,31370,38,2023-01-19,2,Size Issue,8130.01
1184,31448,420,2026-01-18,2,Size Issue,9580.84
1185,31500,140,2023-04-30,2,Wrong Item,2509.86
1186,31501,308,2024-10-28,1,Customer Changed Mind,10275.26
1187,31507,91,2023-08-25,1,Wrong Item,10589.93
1188,31519,163,2024-07-19,1,Defective,9276.87
1189,31532,132,2023-11-30,2,Defective,6533.95
1190,31546,409,2025-09-21,1,Defective,828.89
1191,31556,207,2024-05-17,1,Size Issue,4608.25
1192,31578,236,2025-12-16,2,Size Issue,4328.72
1193,31603,132,2023-04-26,2,Defective,6229.82
1194,31637,468,2024-09-21,1,Wrong Item,8264.45
1195,31641,194,2024-02-03,1,Damaged,4229.25
1196,31642,491,2025-06-15,1,Damaged,1008.82
1197,31654,152,2024-06-11,2,Damaged,2138.21
1198,31665,434,2025-09-25,2,Size Issue,9833.44
1199,31670,399,2026-07-28,1,Size Issue,10751.75
1200,31674,244,2025-12-09,1,Damaged,2148.22
1201,31746,437,2024-06-23,2,Wrong Item,9545.26
1202,31773,383,2023-09-23,2,Late Delivery,3555.11
1203,31775,21,2024-06-22,1,Defective,10597.35
1204,31791,90,2024-01-14,1,Wrong Item,10268.93
1205,31793,365,2023-10-24,1,Customer Changed Mind,7004.3
1206,31817,466,2026-04-26,1,Customer Changed Mind,3024.0
1207,31830,154,2025-01-20,2,Wrong Item,10396.79
1208,31874,37,2026-02-04,2,Damaged,2735.83
1209,31896,154,2023-06-26,1,Wrong Item,3243.54
1210,31902,418,2023-12-01,1,Defective,9618.84
1211,31924,172,2023-02-08,1,Defective,8797.16
1212,31949,454,2024-11-03,2,Size Issue,1880.96
1213,31971,459,2025-09-09,2,Defective,4327.63
1214,31988,6,2024-08-18,1,Customer Changed Mind,11764.22
1215,31989,377,2023-02-18,1,Damaged,9887.23
1216,32011,237,2023-10-07,2,Late Delivery,2465.46
1217,32097,155,2025-07-20,2,Damaged,9507.38
1218,32110,207,2025-05-16,1,Wrong Item,1703.77
1219,32127,443,2023-10-10,1,Size Issue,1514.5
1220,32170,400,2025-06-19,1,Late Delivery,7919.01
1221,32201,344,2024-09-29,2,Late Delivery,5917.87
1222,32203,51,2024-11-19,2,Wrong Item,6399.19
1223,32212,413,2026-01-02,2,Damaged,8020.28
1224,32239,243,2025-02-14,1,Damaged,5030.28
1225,32297,404,2025-12-01,1,Defective,8275.56
1226,32299,175,2023-03-07,2,Late Delivery,6800.79
1227,32315,345,2024-12-28,1,Customer Changed Mind,8787.91
1228,32339,275,2024-03-20,1,Wrong Item,7867.24
1229,32344,490,2026-08-26,2,Defective,10129.07
1230,32351,331,2023-06-07,2,Late Delivery,10077.3
1231,32411,112,2025-09-05,1,Damaged,7452.39
1232,32462,380,2025-02-18,2,Wrong Item,6711.47
1233,32488,182,2023-12-31,2,Late Delivery,459.13
1234,32504,317,2025-12-29,2,Wrong Item,2766.89
1235,32551,95,2023-09-20,1,Customer Changed Mind,8730.78
1236,32565,339,2023-02-21,2,Wrong Item,11750.67
1237,32591,280,2025-10-19,1,Damaged,8864.68
1238,32624,467,2024-07-01,1,Damaged,4967.02
1239,32626,189,2026-03-29,2,Damaged,7265.55
1240,32635,266,2023-08-04,1,Size Issue,9950.4
1241,32658,384,2023-02-26,1,Customer Changed Mind,3596.99
1242,32659,230,2026-01-05,1,Customer Changed Mind,11031.9
1243,32701,354,2026-03-09,2,Wrong Item,8731.13
1244,32747,384,2026-07-25,2,Defective,10281.17
1245,32761,71,2026-02-06,1,Customer Changed Mind,9927.05
1246,32764,218,2023-12-04,1,Late Delivery,8003.2
1247,32803,310,2024-08-15,1,Size Issue,7199.44
1248,32804,336,2025-01-04,1,Late Delivery,3900.74
1249,32870,288,2023-06-05,2,Wrong Item,11833.84
1250,32886,353,2023-05-12,2,Defective,8059.3
1251,32893,281,2025-04-02,1,Late Delivery,8860.94
1252,32895,243,2024-12-27,1,Defective,4449.56
1253,32920,71,2024-05-03,2,Damaged,9145.7
1254,32923,272,2024-02-28,1,Late Delivery,9068.21
1255,32985,427,2025-10-04,1,Late Delivery,10533.78
1256,32996,113,2024-01-14,1,Wrong Item,2483.64
1257,33019,468,2024-08-25,1,Defective,6013.25
1258,33035,238,2025-09-14,2,Late Delivery,2122.34
1259,33046,40,2024-05-19,1,Customer Changed Mind,1000.33
1260,33068,107,2024-07-13,1,Size Issue,2496.7
1261,33074,326,2025-12-22,1,Damaged,4120.71
1262,33078,488,2025-01-16,1,Late Delivery,10773.15
1263,33117,378,2023-09-22,2,Late Delivery,1940.54
1264,33128,203,2023-11-14,1,Wrong Item,2758.61
1265,33173,265,2026-05-22,2,Wrong Item,9455.94
1266,33175,283,2024-09-16,2,Defective,8129.28
1267,33192,380,2025-02-10,2,Customer Changed Mind,1530.67
1268,33198,457,2023-06-22,2,Customer Changed Mind,6722.53
1269,33206,13,2025-05-26,2,Damaged,10132.46
1270,33250,338,2026-08-18,2,Late Delivery,4000.16
1271,33289,98,2024-10-31,2,Size Issue,8317.17
1272,33299,263,2026-07-30,1,Size Issue,10058.42
1273,33331,374,2024-04-24,2,Late Delivery,726.11
1274,33341,115,2025-06-21,1,Damaged,1681.58
1275,33369,269,2025-08-19,1,Damaged,8781.07
1276,33446,289,2024-07-27,2,Defective,9874.45
1277,33469,315,2024-03-19,1,Damaged,3783.75
1278,33481,408,2024-05-19,1,Wrong Item,4417.8
1279,33502,488,2023-06-15,2,Size Issue,6039.05
1280,33507,383,2024-01-13,2,Late Delivery,3954.34
1281,33528,257,2025-12-08,2,Defective,9265.45
1282,33532,18,2026-08-22,2,Wrong Item,5937.12
1283,33543,432,2024-03-03,1,Defective,910.74
1284,33565,377,2025-03-13,1,Customer Changed Mind,11400.53
1285,33571,440,2024-07-21,1,Wrong Item,2310.38
1286,33596,280,2025-10-27,2,Late Delivery,5138.86
1287,33803,69,2024-03-25,2,Damaged,840.58
1288,33814,219,2025-11-08,1,Wrong Item,855.24
1289,33829,136,2023-09-15,1,Size Issue,4612.77
1290,33930,148,2023-02-08,1,Late Delivery,500.32
1291,34019,300,2023-05-28,1,Defective,6138.55
1292,34032,120,2026-07-16,1,Size Issue,6984.28
1293,34037,35,2023-07-04,1,Late Delivery,9203.39
1294,34064,132,2024-02-07,1,Late Delivery,1973.0
1295,34109,313,2025-09-02,2,Size Issue,3916.38
1296,34129,448,2026-02-25,1,Late Delivery,1405.88
1297,34133,368,2026-05-02,2,Customer Changed Mind,9276.04
1298,34141,65,2024-08-08,1,Size Issue,2381.2
1299,34182,399,2023-03-08,1,Late Delivery,5294.29
1300,34280,499,2025-06-30,1,Wrong Item,1367.8
1301,34364,327,2024-02-18,2,Wrong Item,6220.62
1302,34379,27,2023-06-18,1,Wrong Item,940.45
1303,34417,189,2026-01-28,2,Size Issue,617.21
1304,34476,42,2024-01-25,2,Wrong Item,9820.47
1305,34511,50,2024-03-24,2,Wrong Item,6725.5
1306,34525,377,2024-09-11,2,Size Issue,6995.68
1307,34556,181,2024-11-27,1,Defective,10817.25
1308,34557,110,2024-03-28,2,Defective,6539.45
1309,34568,65,2024-05-02,1,Defective,1831.44
1310,34577,194,2024-12-14,1,Late Delivery,11268.65
1311,34617,411,2023-11-08,1,Defective,10847.6
1312,34629,244,2023-05-10,2,Defective,1671.98
1313,34700,440,2023-12-25,2,Customer Changed Mind,4359.2
1314,34759,376,2026-01-15,2,Customer Changed Mind,1794.46
1315,34782,215,2024-02-07,2,Wrong Item,4118.05
1316,34939,456,2026-08-18,1,Damaged,4727.42
1317,34944,11,2025-12-08,2,Damaged,2051.79
1318,34996,471,2024-12-11,1,Damaged,9432.21
1319,35000,143,2023-03-24,2,Damaged,8319.48
1320,35018,465,2025-03-22,1,Defective,9459.19
1321,35058,470,2024-10-28,1,Late Delivery,2317.52
1322,35060,186,2025-01-02,2,Damaged,7351.39
1323,35077,332,2025-06-27,1,Wrong Item,6005.56
1324,35109,72,2025-11-09,2,Late Delivery,7659.69
1325,35127,491,2026-09-06,1,Wrong Item,1444.98
1326,35145,260,2024-01-14,2,Damaged,1506.48
1327,35146,381,2025-04-12,1,Late Delivery,3640.52
1328,35191,128,2024-09-14,1,Customer Changed Mind,3320.16
1329,35214,106,2024-01-24,1,Late Delivery,5996.23
1330,35220,243,2026-06-23,1,Size Issue,6258.69
1331,35238,160,2024-06-20,2,Damaged,9307.85
1332,35297,359,2025-01-28,2,Size Issue,6142.44
1333,35328,327,2023-10-28,2,Wrong Item,6854.1
1334,35348,373,2026-04-23,2,Customer Changed Mind,11700.78
1335,35355,229,2023-08-12,2,Size Issue,3199.01
1336,35451,461,2023-09-07,2,Damaged,10057.31
1337,35479,218,2026-07-22,2,Late Delivery,9450.84
1338,35527,109,2025-10-25,2,Late Delivery,10272.55
1339,35535,178,2025-08-11,2,Wrong Item,8855.17
1340,35598,156,2023-10-07,2,Size Issue,5358.01
1341,35640,208,2024-04-25,2,Size Issue,2457.58
1342,35711,471,2026-04-17,2,Size Issue,1252.31
1343,35752,191,2023-04-04,1,Defective,10652.81
1344,35755,202,2026-07-02,1,Damaged,7082.49
1345,35784,356,2025-05-15,1,Late Delivery,11907.8
1346,35798,100,2024-11-20,1,Wrong Item,4618.01
1347,35859,388,2023-08-20,2,Damaged,711.62
1348,35885,357,2023-02-27,2,Defective,10702.53
1349,35912,401,2023-07-01,1,Defective,9499.16
1350,35978,432,2024-07-11,2,Defective,3684.63
1351,35986,438,2023-06-24,1,Defective,11638.84
1352,35987,456,2026-06-15,1,Wrong Item,4088.58
1353,35999,295,2023-08-01,2,Damaged,4060.19
1354,36033,108,2023-03-03,1,Customer Changed Mind,10751.28
1355,36044,337,2026-03-23,1,Late Delivery,7688.47
1356,36071,115,2024-01-25,1,Defective,8115.35
1357,36176,324,2026-01-22,1,Customer Changed Mind,5378.42
1358,36226,220,2025-05-26,2,Late Delivery,3552.02
1359,36318,394,2024-05-11,1,Customer Changed Mind,4494.14
1360,36325,265,2025-03-08,2,Late Delivery,9116.69
1361,36341,222,2023-12-18,1,Size Issue,6874.85
1362,36342,431,2025-09-12,2,Damaged,731.75
1363,36356,338,2025-01-13,2,Customer Changed Mind,9342.91
1364,36368,226,2025-07-17,1,Late Delivery,6629.68
1365,36403,440,2025-03-20,2,Damaged,8177.06
1366,36460,132,2025-04-10,1,Defective,9049.8
1367,36490,196,2025-12-23,1,Damaged,7885.95
1368,36495,442,2025-10-30,1,Customer Changed Mind,9188.97
1369,36513,120,2024-10-04,2,Late Delivery,1162.51
1370,36555,377,2024-11-06,2,Late Delivery,2154.59
1371,36569,345,2024-09-23,2,Size Issue,8172.36
1372,36586,314,2023-07-22,1,Defective,6575.88
1373,36588,169,2025-07-22,1,Customer Changed Mind,9553.57
1374,36589,492,2023-06-30,2,Wrong Item,8385.42
1375,36628,320,2025-08-25,1,Late Delivery,11123.88
1376,36641,7,2024-01-03,1,Wrong Item,6993.66
1377,36642,98,2023-10-13,1,Size Issue,3439.64
1378,36671,9,2024-06-19,2,Late Delivery,1341.81
1379,36677,75,2026-02-23,1,Damaged,8938.7
1380,36700,27,2024-09-12,1,Damaged,445.52
1381,36706,74,2024-02-20,2,Late Delivery,7617.11
1382,36715,67,2024-03-03,1,Wrong Item,2064.61
1383,36724,352,2025-10-08,2,Late Delivery,9243.44
1384,36734,488,2023-08-20,2,Late Delivery,3241.35
1385,36741,175,2023-10-19,2,Defective,9416.8
1386,36743,340,2023-08-15,1,Customer Changed Mind,3584.44
1387,36782,128,2024-02-02,2,Defective,11162.91
1388,36783,450,2024-10-14,1,Defective,9982.99
1389,36800,14,2026-04-11,1,Customer Changed Mind,6258.56
1390,36859,100,2023-05-19,1,Defective,1489.64
1391,36867,319,2023-05-16,2,Size Issue,9208.58
1392,36901,147,2026-02-15,2,Wrong Item,6111.23
1393,36926,1,2023-10-06,2,Wrong Item,9648.64
1394,36927,423,2026-08-17,2,Customer Changed Mind,3724.76
1395,36936,345,2025-03-06,2,Size Issue,11489.27
1396,36970,150,2026-04-30,1,Damaged,3634.19
1397,37017,203,2026-07-08,1,Wrong Item,7248.34
1398,37105,44,2024-01-14,2,Damaged,2991.75
1399,37136,256,2023-02-17,2,Damaged,9411.78
1400,37179,14,2023-06-27,2,Customer Changed Mind,2490.54
1401,37210,455,2024-07-21,1,Size Issue,10622.57
1402,37250,300,2026-01-20,2,Customer Changed Mind,10747.96
1403,37252,183,2023-06-04,2,Size Issue,10695.78
1404,37264,442,2023-10-12,2,Customer Changed Mind,11787.74
1405,37288,7,2023-10-06,1,Damaged,7191.4
1406,37303,65,2023-06-05,1,Customer Changed Mind,1806.04
1407,37375,491,2025-11-14,2,Damaged,3708.24
1408,37415,249,2023-04-30,2,Damaged,6345.2
1409,37445,219,2024-10-29,1,Defective,1440.12
1410,37447,412,2026-07-08,1,Damaged,11887.54
1411,37532,77,2025-09-01,2,Damaged,600.4
1412,37568,285,2025-03-24,2,Size Issue,6371.26
1413,37639,99,2024-03-12,1,Customer Changed Mind,1790.73
1414,37669,174,2023-10-13,1,Defective,6789.23
1415,37687,128,2023-05-16,2,Damaged,4870.74
1416,37691,419,2025-10-02,2,Size Issue,3020.22
1417,37704,138,2024-07-25,2,Defective,3435.13
1418,37739,29,2024-02-14,2,Wrong Item,5278.64
1419,37745,341,2025-11-19,2,Defective,8767.1
1420,37749,266,2026-04-22,2,Customer Changed Mind,11428.92
1421,37799,336,2024-03-05,1,Defective,6016.52
1422,37802,100,2025-05-26,1,Wrong Item,10021.91
1423,37806,234,2026-07-08,1,Customer Changed Mind,4616.03
1424,37847,298,2024-01-19,1,Defective,10968.15
1425,37892,397,2025-12-21,2,Damaged,3962.57
1426,37925,123,2026-02-20,2,Wrong Item,9696.94
1427,37932,441,2025-09-10,2,Late Delivery,6800.36
1428,37942,57,2024-08-17,1,Defective,3751.92
1429,37943,313,2026-09-02,1,Damaged,10435.34
1430,37954,229,2023-06-09,2,Customer Changed Mind,3369.5
1431,38026,441,2026-04-27,1,Late Delivery,11469.88
1432,38102,61,2026-06-12,2,Wrong Item,8371.27
1433,38117,159,2023-03-20,1,Late Delivery,609.89
1434,38135,441,2026-07-07,1,Damaged,3300.33
1435,38155,146,2023-01-16,2,Customer Changed Mind,10322.35
1436,38197,182,2023-03-23,1,Customer Changed Mind,1693.56
1437,38223,6,2025-06-05,2,Customer Changed Mind,2660.89
1438,38284,417,2025-04-19,1,Late Delivery,9139.88
1439,38313,197,2023-12-31,2,Defective,8824.48
1440,38316,16,2025-07-02,2,Damaged,3728.96
1441,38317,418,2025-12-08,2,Damaged,7724.41
1442,38370,276,2026-06-15,1,Late Delivery,3118.11
1443,38401,153,2023-02-04,1,Damaged,10117.65
1444,38413,345,2024-06-19,2,Defective,511.39
1445,38436,475,2024-07-05,2,Customer Changed Mind,413.27
1446,38463,114,2024-06-07,1,Damaged,4985.76
1447,38475,500,2026-02-11,2,Size Issue,10985.45
1448,38494,286,2023-08-27,1,Customer Changed Mind,761.14
1449,38501,199,2023-12-13,1,Customer Changed Mind,4935.77
1450,38531,332,2024-06-28,2,Wrong Item,8487.56
1451,38557,434,2023-09-19,2,Customer Changed Mind,5518.57
1452,38578,88,2025-10-04,2,Customer Changed Mind,11410.15
1453,38595,66,2023-01-25,2,Damaged,10090.24
1454,38601,401,2025-05-07,1,Damaged,3650.39
1455,38632,51,2025-02-11,2,Damaged,4196.39
1456,38663,180,2024-06-24,1,Damaged,1289.46
1457,38702,227,2025-07-01,2,Defective,11358.19
1458,38705,353,2025-07-30,2,Late Delivery,7035.26
1459,38814,174,2025-08-22,1,Wrong Item,1954.92
1460,38875,470,2023-06-25,2,Customer Changed Mind,8219.31
1461,38887,431,2024-01-27,1,Customer Changed Mind,3137.09
1462,38897,233,2023-04-07,2,Late Delivery,1364.79
1463,38927,357,2025-11-19,2,Customer Changed Mind,3381.84
1464,38929,235,2025-05-27,2,Defective,4976.97
1465,38962,21,2025-03-14,2,Wrong Item,11465.44
1466,39039,440,2023-01-16,1,Size Issue,11397.75
1467,39048,430,2023-03-05,2,Late Delivery,11921.63
1468,39067,377,2025-07-26,1,Customer Changed Mind,9728.66
1469,39070,362,2025-07-24,1,Defective,11478.69
1470,39078,289,2026-05-24,2,Wrong Item,4534.16
1471,39088,218,2023-08-29,2,Late Delivery,3941.99
1472,39109,3,2024-09-15,1,Customer Changed Mind,5112.82
1473,39146,496,2025-06-07,1,Wrong Item,8055.09
1474,39155,269,2026-05-22,1,Damaged,1346.44
1475,39167,180,2023-09-24,2,Wrong Item,5222.96
1476,39177,418,2026-08-30,1,Defective,2125.4
1477,39189,207,2025-02-03,2,Damaged,4306.64
1478,39196,203,2023-10-27,1,Wrong Item,4831.99
1479,39234,245,2024-07-06,2,Defective,750.68
1480,39250,14,2024-07-03,1,Customer Changed Mind,3770.49
1481,39254,498,2024-10-04,1,Late Delivery,8969.61
1482,39261,455,2024-05-27,2,Late Delivery,5402.27
1483,39359,33,2025-06-10,2,Customer Changed Mind,9001.99
1484,39445,117,2025-10-03,2,Customer Changed Mind,9725.83
1485,39450,88,2026-01-05,2,Damaged,2115.95
1486,39467,63,2026-07-15,1,Damaged,10561.13
1487,39469,12,2024-07-29,1,Customer Changed Mind,3401.46
1488,39630,301,2026-08-05,1,Wrong Item,607.71
1489,39692,279,2023-06-04,1,Wrong Item,11398.5
1490,39716,260,2024-08-18,1,Late Delivery,8285.83
1491,39801,263,2025-11-01,2,Customer Changed Mind,3332.62
1492,39803,387,2024-11-16,2,Late Delivery,1771.55
1493,39823,288,2024-01-11,2,Customer Changed Mind,3580.64
1494,39846,31,2023-03-01,2,Size Issue,8370.95
1495,39866,390,2025-12-28,2,Size Issue,5460.08
1496,39919,131,2024-04-04,2,Customer Changed Mind,7565.37
1497,39964,363,2023-10-27,1,Customer Changed Mind,5358.38
1498,39984,465,2023-04-12,1,Late Delivery,2351.72
1499,40001,52,2025-04-06,2,Wrong Item,4894.61
1500,40037,183,2026-01-26,1,Late Delivery,3123.57
1501,40079,306,2023-02-11,1,Defective,1543.18
1502,40082,258,2023-12-21,1,Late Delivery,8612.28
1503,40098,389,2023-04-16,2,Defective,3717.63
1504,40123,257,2024-08-06,1,Damaged,9082.34
1505,40145,462,2024-07-30,2,Damaged,6137.35
1506,40159,349,2023-02-06,2,Wrong Item,1847.27
1507,40167,112,2023-02-19,1,Size Issue,10229.27
1508,40277,352,2024-10-31,1,Size Issue,11495.34
1509,40283,440,2023-03-06,1,Customer Changed Mind,9668.31
1510,40326,300,2023-09-09,2,Late Delivery,5022.13
1511,40431,107,2025-01-17,1,Late Delivery,4657.63
1512,40437,83,2023-03-06,2,Size Issue,11401.12
1513,40524,457,2023-04-27,2,Customer Changed Mind,7339.66
1514,40529,153,2023-07-20,2,Customer Changed Mind,6089.64
1515,40531,166,2025-03-21,1,Defective,9410.52
1516,40590,447,2026-07-14,1,Customer Changed Mind,7638.43
1517,40591,434,2023-04-03,2,Size Issue,2612.97
1518,40640,460,2023-05-25,2,Customer Changed Mind,4175.78
1519,40655,15,2024-11-21,2,Wrong Item,10744.62
1520,40684,183,2025-12-27,1,Customer Changed Mind,2209.96
1521,40685,97,2025-12-13,1,Late Delivery,1074.0
1522,40735,326,2023-12-15,1,Late Delivery,10322.71
1523,40752,232,2025-03-04,1,Customer Changed Mind,7666.48
1524,40822,497,2024-11-22,2,Customer Changed Mind,10089.9
1525,40893,150,2023-07-10,2,Defective,2620.32
1526,40897,328,2024-06-05,2,Defective,2591.14
1527,40948,421,2023-03-24,1,Defective,8769.04
1528,40962,127,2025-08-03,1,Damaged,3015.32
1529,40993,380,2023-02-10,2,Size Issue,2948.45
1530,41031,355,2024-08-22,1,Late Delivery,7177.96
1531,41041,283,2024-05-09,1,Late Delivery,3747.58
1532,41084,8,2026-01-11,2,Late Delivery,10458.3
1533,41116,326,2023-05-09,2,Size Issue,5212.8
1534,41131,241,2024-06-02,2,Customer Changed Mind,1915.33
1535,41192,389,2023-06-25,2,Wrong Item,7466.34
1536,41226,101,2024-09-25,2,Late Delivery,3691.09
1537,41229,46,2025-03-10,1,Size Issue,2558.08
1538,41272,2,2025-04-03,1,Wrong Item,8571.56
1539,41346,205,2024-03-22,1,Customer Changed Mind,11104.17
1540,41422,248,2025-06-04,1,Damaged,9128.36
1541,41435,357,2025-02-05,1,Damaged,10473.49
1542,41544,117,2024-04-18,1,Customer Changed Mind,2737.48
1543,41557,402,2025-01-09,1,Wrong Item,10865.1
1544,41606,200,2023-03-13,1,Defective,3841.33
1545,41628,471,2024-06-08,2,Wrong Item,5968.84
1546,41649,100,2026-07-14,1,Wrong Item,3951.88
1547,41654,439,2024-08-29,2,Wrong Item,9953.59
1548,41673,318,2026-02-11,1,Damaged,9042.18
1549,41740,159,2025-08-02,1,Customer Changed Mind,3608.99
1550,41760,416,2025-03-03,1,Size Issue,2576.99
1551,41774,276,2024-11-09,2,Size Issue,9540.86
1552,41805,480,2026-02-16,2,Customer Changed Mind,10020.33
1553,41854,41,2025-07-21,2,Customer Changed Mind,2594.49
1554,41995,266,2025-01-10,2,Size Issue,8448.09
1555,42001,437,2024-10-17,1,Defective,4372.14
1556,42040,370,2023-05-29,1,Wrong Item,7888.2
1557,42048,134,2023-01-28,2,Damaged,10777.19
1558,42110,187,2026-05-23,2,Wrong Item,5515.71
1559,42138,402,2024-02-26,2,Size Issue,6510.8
1560,42164,306,2023-12-19,2,Defective,10373.48
1561,42180,43,2025-12-05,1,Damaged,7618.75
1562,42214,175,2024-01-01,2,Late Delivery,10235.3
1563,42240,316,2026-04-01,1,Damaged,6417.57
1564,42256,152,2026-04-27,1,Wrong Item,8710.94
1565,42260,346,2025-11-30,1,Defective,7018.58
1566,42313,47,2025-04-01,2,Defective,1686.68
1567,42328,466,2025-08-20,2,Size Issue,1350.53
1568,42345,246,2025-11-02,1,Late Delivery,11190.28
1569,42370,381,2025-10-15,2,Damaged,2194.59
1570,42377,357,2023-06-08,2,Customer Changed Mind,2200.99
1571,42404,403,2025-04-28,1,Wrong Item,10225.28
1572,42429,259,2025-08-07,2,Wrong Item,3303.14
1573,42431,413,2024-11-26,1,Wrong Item,11261.92
1574,42448,343,2024-05-16,1,Defective,5858.98
1575,42486,370,2024-01-31,1,Late Delivery,3732.51
1576,42563,204,2025-12-14,2,Defective,5514.57
1577,42587,97,2023-03-29,1,Wrong Item,6235.85
1578,42623,355,2025-03-05,2,Late Delivery,4511.93
1579,42685,414,2024-09-28,2,Size Issue,11858.11
1580,42697,133,2026-07-25,2,Damaged,9020.81
1581,42702,489,2023-03-07,2,Defective,10216.68
1582,42710,4,2024-05-16,2,Damaged,6342.18
1583,42712,155,2023-10-17,2,Wrong Item,6562.16
1584,42747,271,2026-02-04,2,Late Delivery,695.27
1585,42777,409,2024-08-03,1,Size Issue,10771.92
1586,42795,168,2024-08-15,1,Late Delivery,9621.81
1587,42805,283,2023-10-12,1,Size Issue,7892.94
1588,42845,189,2026-05-15,2,Defective,8572.16
1589,42878,42,2023-04-12,2,Damaged,2698.26
1590,42902,266,2023-03-09,1,Defective,4422.65
1591,42907,153,2026-02-16,1,Defective,3366.79
1592,42925,147,2023-12-16,1,Damaged,3031.38
1593,42984,218,2024-06-24,1,Customer Changed Mind,6943.68
1594,43068,54,2023-02-23,2,Customer Changed Mind,1424.07
1595,43087,100,2025-05-18,2,Size Issue,3034.86
1596,43113,434,2023-01-25,1,Size Issue,9652.76
1597,43139,444,2024-09-29,2,Late Delivery,6978.59
1598,43140,306,2024-03-30,1,Damaged,11622.26
1599,43199,189,2024-04-06,2,Customer Changed Mind,10468.92
1600,43225,252,2024-01-14,2,Late Delivery,5611.08
1601,43276,323,2025-11-10,2,Defective,4853.0
1602,43326,351,2026-08-04,1,Late Delivery,706.42
1603,43337,197,2025-07-01,1,Late Delivery,3620.41
1604,43346,72,2026-07-24,2,Damaged,9228.16
1605,43370,333,2026-02-14,2,Late Delivery,1401.47
1606,43391,464,2024-06-21,1,Size Issue,2812.14
1607,43421,322,2023-10-07,2,Wrong Item,1468.64
1608,43444,335,2024-07-31,1,Size Issue,942.52
1609,43469,495,2024-11-13,1,Customer Changed Mind,2041.17
1610,43515,391,2024-10-15,2,Damaged,8137.19
1611,43516,58,2026-04-27,1,Defective,7140.26
1612,43538,499,2025-05-16,2,Customer Changed Mind,5110.58
1613,43567,278,2023-03-10,1,Wrong Item,8941.32
1614,43589,167,2024-11-17,1,Damaged,10561.69
1615,43598,289,2025-10-07,2,Defective,5434.22
1616,43621,437,2024-02-21,2,Customer Changed Mind,4990.14
1617,43691,356,2025-09-16,1,Damaged,9189.19
1618,43755,311,2024-08-07,2,Damaged,1377.61
1619,43765,428,2023-07-23,2,Defective,5687.68
1620,43768,257,2025-03-05,2,Late Delivery,1655.2
1621,43776,11,2024-05-11,1,Damaged,3043.9
1622,43877,485,2025-11-03,2,Wrong Item,5562.58
1623,43916,61,2025-03-24,1,Customer Changed Mind,3726.1
1624,43941,292,2024-04-17,1,Size Issue,4860.49
1625,44036,48,2024-10-29,2,Size Issue,611.93
1626,44052,376,2023-03-16,2,Size Issue,8839.52
1627,44148,271,2023-11-14,2,Late Delivery,9436.98
1628,44180,248,2023-10-11,2,Customer Changed Mind,2815.71
1629,44196,29,2026-03-12,2,Damaged,3347.83
1630,44202,43,2024-08-28,2,Size Issue,1421.91
1631,44245,235,2025-05-24,2,Late Delivery,8259.39
1632,44262,462,2025-04-12,1,Late Delivery,3061.49
1633,44276,249,2023-08-01,1,Defective,10228.21
1634,44279,171,2025-05-05,2,Wrong Item,5635.05
1635,44288,417,2025-07-12,2,Wrong Item,536.59
1636,44336,47,2026-07-02,1,Late Delivery,2450.77
1637,44349,96,2025-11-27,2,Late Delivery,9920.42
1638,44382,461,2025-04-08,1,Late Delivery,5163.35
1639,44412,329,2025-10-30,1,Damaged,6673.28
1640,44430,414,2023-08-26,2,Defective,5400.77
1641,44488,46,2025-04-12,1,Late Delivery,8326.88
1642,44489,385,2026-08-02,2,Damaged,1594.31
1643,44490,69,2023-06-25,1,Defective,6690.45
1644,44502,463,2023-03-20,2,Wrong Item,10641.86
1645,44522,99,2024-02-09,2,Defective,4117.9
1646,44648,288,2023-10-03,2,Size Issue,8191.93
1647,44660,321,2026-05-29,2,Size Issue,4710.63
1648,44662,102,2024-05-19,2,Wrong Item,4801.31
1649,44693,252,2023-03-11,2,Wrong Item,737.46
1650,44699,15,2024-11-24,2,Late Delivery,7147.9
1651,44728,62,2025-08-21,2,Size Issue,3879.64
1652,44780,337,2023-02-11,1,Customer Changed Mind,3921.0
1653,44792,206,2023-03-29,1,Damaged,7048.22
1654,44796,104,2026-05-13,2,Customer Changed Mind,9707.38
1655,44829,311,2023-07-22,2,Customer Changed Mind,3410.7
1656,44934,8,2024-09-23,2,Wrong Item,2357.87
1657,44941,408,2024-06-22,1,Wrong Item,11765.41
1658,44956,157,2025-09-12,2,Defective,838.35
1659,45023,40,2024-05-31,1,Customer Changed Mind,5473.0
1660,45030,252,2023-02-27,1,Defective,6258.86
1661,45082,231,2024-04-23,1,Late Delivery,4229.17
1662,45101,239,2025-04-17,2,Wrong Item,5082.16
1663,45110,70,2025-07-13,1,Wrong Item,3792.11
1664,45111,169,2023-02-09,1,Late Delivery,8038.23
1665,45156,236,2024-04-26,1,Wrong Item,6940.04
1666,45158,441,2025-10-17,2,Late Delivery,11457.92
1667,45162,168,2023-08-22,2,Size Issue,6261.41
1668,45176,108,2023-05-16,1,Damaged,4003.11
1669,45211,421,2024-06-29,2,Defective,4453.57
1670,45228,247,2024-04-01,2,Damaged,4399.64
1671,45238,455,2025-10-21,1,Damaged,3765.68
1672,45253,11,2023-12-25,2,Size Issue,5623.93
1673,45286,363,2025-07-23,1,Customer Changed Mind,933.75
1674,45294,363,2025-09-04,1,Defective,4901.37
1675,45348,130,2023-04-25,1,Defective,11919.15
1676,45381,433,2026-02-13,1,Late Delivery,11043.43
1677,45427,99,2025-04-14,1,Defective,1145.97
1678,45441,60,2026-06-04,1,Customer Changed Mind,6470.52
1679,45449,128,2023-11-25,1,Customer Changed Mind,1405.23
1680,45476,449,2024-08-16,1,Late Delivery,5704.47
1681,45483,310,2023-04-10,1,Size Issue,1233.13
1682,45705,379,2026-03-24,1,Wrong Item,2891.55
1683,45718,433,2024-03-24,2,Late Delivery,5306.54
1684,45734,405,2026-05-07,1,Size Issue,10201.38
1685,45744,12,2024-12-13,1,Wrong Item,4954.46
1686,45766,426,2026-04-28,1,Wrong Item,10288.73
1687,45784,41,2024-10-24,2,Size Issue,11304.54
1688,45798,153,2026-08-25,2,Late Delivery,5883.55
1689,45801,474,2025-12-15,2,Late Delivery,11700.12
1690,45815,385,2024-06-22,1,Customer Changed Mind,8117.65
1691,45819,146,2024-09-03,2,Defective,3810.25
1692,45821,382,2025-09-01,1,Size Issue,11547.11
1693,45864,42,2023-05-03,2,Defective,1309.77
1694,45893,1,2024-09-23,1,Size Issue,11906.08
1695,45949,293,2025-08-18,1,Wrong Item,4888.39
1696,45967,253,2023-08-20,2,Late Delivery,5831.02
1697,45977,252,2024-10-29,1,Damaged,3962.73
1698,45989,281,2024-03-15,2,Customer Changed Mind,5028.87
1699,46057,205,2024-10-30,2,Size Issue,10541.72
1700,46111,133,2024-02-17,1,Customer Changed Mind,5891.69
1701,46225,263,2023-10-03,2,Defective,6309.81
1702,46323,154,2023-07-25,1,Customer Changed Mind,828.47
1703,46369,76,2025-12-04,2,Late Delivery,774.78
1704,46378,80,2023-04-15,1,Size Issue,2108.22
1705,46413,388,2023-10-13,1,Wrong Item,7733.68
1706,46418,60,2023-10-20,2,Damaged,2062.2
1707,46435,140,2024-03-19,2,Defective,11289.55
1708,46496,390,2024-03-21,1,Damaged,4175.56
1709,46539,60,2026-02-01,2,Wrong Item,1874.07
1710,46541,276,2024-08-03,2,Wrong Item,11068.34
1711,46623,342,2025-04-21,2,Wrong Item,4549.23
1712,46631,354,2024-06-05,2,Size Issue,6495.59
1713,46644,6,2024-08-07,2,Defective,1276.48
1714,46648,282,2023-12-31,1,Damaged,10322.28
1715,46651,79,2026-04-17,2,Late Delivery,9646.73
1716,46677,74,2023-11-22,2,Wrong Item,636.03
1717,46719,376,2025-01-08,2,Late Delivery,4471.41
1718,46721,32,2026-08-28,2,Wrong Item,6679.79
1719,46758,223,2026-06-24,1,Late Delivery,9980.17
1720,46759,74,2023-04-14,2,Customer Changed Mind,2986.75
1721,46777,103,2024-04-03,2,Wrong Item,6758.94
1722,46794,320,2023-02-27,1,Wrong Item,3930.44
1723,46847,283,2025-06-01,1,Customer Changed Mind,5557.59
1724,46901,335,2026-02-12,2,Late Delivery,4298.54
1725,46903,59,2023-01-12,1,Late Delivery,4660.71
1726,46922,80,2026-09-09,2,Defective,4921.79
1727,46931,210,2024-04-08,2,Wrong Item,3758.3
1728,47027,230,2026-04-03,1,Damaged,10746.45
1729,47035,279,2023-04-18,1,Customer Changed Mind,9100.09
1730,47043,134,2024-08-25,1,Damaged,8330.75
1731,47079,450,2024-02-17,1,Customer Changed Mind,10400.77
1732,47240,13,2025-08-03,1,Size Issue,9364.52
1733,47241,76,2023-10-21,2,Size Issue,10903.2
1734,47279,48,2025-06-04,1,Size Issue,982.48
1735,47312,250,2024-10-05,1,Damaged,10090.61
1736,47334,437,2025-07-26,1,Wrong Item,8210.57
1737,47363,141,2023-12-31,1,Customer Changed Mind,10549.11
1738,47384,412,2024-10-12,1,Size Issue,7546.91
1739,47415,281,2026-08-06,1,Damaged,5667.44
1740,47418,47,2026-07-14,1,Defective,11384.73
1741,47455,416,2026-01-26,2,Late Delivery,4208.36
1742,47463,135,2024-03-31,1,Customer Changed Mind,2643.75
1743,47476,261,2023-08-01,2,Wrong Item,9876.92
1744,47509,88,2025-04-25,1,Wrong Item,5656.38
1745,47539,113,2026-01-09,2,Late Delivery,918.58
1746,47541,183,2024-12-21,1,Wrong Item,5666.01
1747,47545,332,2024-04-01,1,Wrong Item,11802.48
1748,47608,92,2024-10-14,2,Damaged,6770.88
1749,47650,242,2023-12-25,2,Wrong Item,5435.41
1750,47672,258,2026-07-31,2,Size Issue,1164.11
1751,47702,373,2026-08-17,1,Late Delivery,3037.05
1752,47735,343,2023-12-11,2,Wrong Item,1304.33
1753,47770,423,2026-07-08,2,Wrong Item,7523.43
1754,47825,334,2024-09-04,2,Size Issue,8842.43
1755,47834,90,2026-07-13,2,Customer Changed Mind,7277.86
1756,47853,296,2024-05-20,1,Size Issue,11986.63
1757,47947,335,2026-07-24,2,Wrong Item,555.16
1758,47961,244,2025-05-27,2,Damaged,1717.93
1759,47967,22,2024-07-28,2,Damaged,2252.96
1760,48000,219,2025-02-23,1,Defective,6242.04
1761,48022,430,2024-05-19,1,Customer Changed Mind,5965.68
1762,48070,80,2024-04-25,2,Wrong Item,1779.38
1763,48073,296,2023-06-06,1,Defective,6187.3
1764,48079,254,2024-09-12,1,Late Delivery,1485.43
1765,48085,264,2024-09-16,2,Late Delivery,8309.03
1766,48093,135,2025-04-12,2,Damaged,7842.83
1767,48118,201,2023-07-21,1,Damaged,612.32
1768,48121,414,2026-07-01,1,Size Issue,3572.48
1769,48159,291,2026-05-18,2,Size Issue,7208.08
1770,48194,61,2024-05-28,2,Late Delivery,879.52
1771,48225,117,2023-11-04,2,Late Delivery,3042.54
1772,48263,133,2026-02-09,1,Size Issue,9587.74
1773,48277,11,2026-07-11,1,Damaged,1777.32
1774,48279,100,2025-08-20,1,Size Issue,4618.77
1775,48285,196,2024-09-28,1,Customer Changed Mind,11668.59
1776,48388,129,2024-11-29,1,Damaged,3096.34
1777,48400,128,2025-04-10,2,Wrong Item,8093.45
1778,48491,345,2026-03-11,2,Wrong Item,7935.96
1779,48537,368,2026-07-12,1,Customer Changed Mind,7970.14
1780,48541,281,2023-06-13,2,Customer Changed Mind,4246.75
1781,48550,170,2026-07-31,1,Damaged,6796.86
1782,48552,437,2024-05-11,1,Customer Changed Mind,860.36
1783,48561,170,2023-04-30,2,Late Delivery,6548.65
1784,48615,438,2023-11-06,1,Customer Changed Mind,5707.04
1785,48617,283,2023-04-29,1,Damaged,2577.66
1786,48648,368,2023-02-14,2,Customer Changed Mind,4252.19
1787,48666,274,2025-12-07,1,Size Issue,3004.06
1788,48679,186,2024-06-25,2,Size Issue,8260.78
1789,48695,84,2023-05-24,2,Wrong Item,7519.13
1790,48711,37,2025-11-23,2,Size Issue,4291.78
1791,48777,20,2024-09-25,1,Size Issue,8352.94
1792,48783,168,2025-05-03,1,Late Delivery,1018.25
1793,48828,222,2025-08-27,1,Size Issue,9031.33
1794,48864,103,2024-09-01,1,Wrong Item,5792.08
1795,48881,478,2023-12-23,2,Customer Changed Mind,6612.41
1796,48886,387,2025-08-25,1,Defective,11383.31
1797,48941,491,2024-04-18,1,Size Issue,5701.28
1798,48990,300,2023-06-13,1,Size Issue,3566.69
1799,49002,493,2026-04-06,2,Customer Changed Mind,6548.66
1800,49025,444,2024-05-30,1,Customer Changed Mind,6204.28
1801,49075,289,2026-04-25,1,Wrong Item,9866.02
1802,49111,329,2026-07-21,2,Wrong Item,6585.32
1803,49162,475,2026-03-30,1,Late Delivery,8962.43
1804,49189,45,2023-04-23,2,Wrong Item,5559.16
1805,49192,359,2025-01-22,2,Defective,11136.7
1806,49197,331,2025-04-17,2,Size Issue,8182.55
1807,49201,415,2024-04-28,2,Customer Changed Mind,10535.08
1808,49221,220,2025-09-02,1,Wrong Item,1501.49
1809,49233,440,2024-04-14,1,Size Issue,10198.05
1810,49237,169,2023-07-19,2,Wrong Item,1323.44
1811,49250,98,2024-01-04,2,Customer Changed Mind,5692.52
1812,49268,314,2023-04-14,2,Size Issue,2343.43
1813,49275,100,2026-03-26,2,Late Delivery,10758.09
1814,49323,475,2023-01-19,1,Damaged,9539.37
1815,49343,173,2024-02-21,1,Late Delivery,5159.95
1816,49355,113,2025-09-02,1,Late Delivery,11430.36
1817,49382,490,2025-09-05,1,Late Delivery,6382.14
1818,49411,144,2025-02-23,2,Damaged,4045.21
1819,49464,189,2023-06-06,2,Defective,10008.0
1820,49570,458,2024-01-04,2,Late Delivery,2000.48
1821,49575,429,2024-12-01,1,Size Issue,513.02
1822,49576,85,2024-07-16,2,Customer Changed Mind,4622.09
1823,49596,459,2026-05-28,2,Damaged,6534.5
1824,49641,337,2025-02-02,2,Customer Changed Mind,5138.36
1825,49697,452,2026-04-06,2,Size Issue,2088.15
1826,49790,466,2023-12-20,1,Damaged,11396.1
1827,49793,239,2025-01-17,1,Size Issue,4484.03
1828,49835,342,2025-11-20,1,Damaged,4644.35
1829,49868,375,2024-06-08,2,Size Issue,6115.8
1830,49871,417,2025-07-18,2,Customer Changed Mind,4661.98
1831,49916,328,2025-02-10,1,Size Issue,9120.88
1832,49979,176,2023-02-13,2,Wrong Item,11424.49
1833,49985,286,2024-05-20,2,Late Delivery,4579.04
1834,50090,161,2024-04-02,1,Wrong Item,7749.73
1835,50138,280,2026-08-31,2,Wrong Item,7165.27
1836,50153,400,2024-06-05,2,Size Issue,11458.47
1837,50162,8,2025-04-01,2,Size Issue,1019.08
1838,50164,287,2026-08-21,1,Wrong Item,707.19
1839,50201,235,2023-10-16,2,Customer Changed Mind,5492.26
1840,50206,91,2025-07-12,1,Customer Changed Mind,3932.51
1841,50242,346,2026-06-15,2,Wrong Item,8436.81
1842,50332,195,2024-05-18,2,Defective,3946.46
1843,50401,315,2023-05-01,1,Late Delivery,5610.44
1844,50411,64,2023-10-19,2,Damaged,458.91
1845,50421,144,2024-03-01,2,Size Issue,9418.59
1846,50554,324,2026-06-26,2,Defective,4713.46
1847,50584,354,2024-02-10,1,Size Issue,7361.46
1848,50651,293,2026-08-21,2,Defective,2936.03
1849,50723,76,2024-05-13,2,Wrong Item,1345.45
1850,50737,423,2024-07-14,2,Late Delivery,8081.79
1851,50750,206,2023-07-26,2,Customer Changed Mind,2428.27
1852,50755,291,2023-05-01,2,Defective,7806.39
1853,50917,149,2024-01-30,1,Defective,11353.34
1854,50919,425,2025-05-20,2,Late Delivery,11378.65
1855,50921,440,2024-05-15,1,Late Delivery,2340.12
1856,50991,347,2024-04-14,1,Customer Changed Mind,8481.49
1857,51003,97,2023-08-23,2,Size Issue,6517.15
1858,51074,443,2024-07-18,1,Late Delivery,8425.56
1859,51102,209,2026-08-30,1,Customer Changed Mind,8097.32
1860,51120,69,2023-03-10,2,Size Issue,7374.19
1861,51179,92,2023-02-25,1,Defective,8964.0
1862,51191,74,2024-08-15,2,Customer Changed Mind,9448.72
1863,51216,200,2023-05-28,2,Late Delivery,7962.54
1864,51221,480,2024-07-01,2,Wrong Item,5637.84
1865,51247,331,2024-04-14,2,Damaged,5765.92
1866,51250,200,2023-10-09,1,Damaged,4426.66
1867,51257,445,2023-07-25,2,Customer Changed Mind,10115.46
1868,51272,492,2024-06-08,2,Customer Changed Mind,9053.53
1869,51284,378,2026-02-01,1,Customer Changed Mind,11516.06
1870,51322,134,2024-01-16,2,Damaged,3842.72
1871,51353,124,2025-08-11,1,Size Issue,6291.16
1872,51380,78,2023-11-17,1,Defective,7624.11
1873,51432,228,2026-04-27,1,Defective,11913.94
1874,51458,1,2024-02-14,2,Defective,10044.38
1875,51492,37,2026-01-01,2,Customer Changed Mind,2491.64
1876,51493,389,2025-10-30,1,Defective,10352.24
1877,51512,179,2024-10-24,2,Late Delivery,11746.7
1878,51533,453,2024-03-05,1,Damaged,2756.77
1879,51551,11,2024-05-29,1,Defective,8352.13
1880,51573,242,2025-11-09,2,Damaged,3199.72
1881,51602,439,2023-08-27,1,Defective,1591.6
1882,51686,280,2025-04-22,1,Late Delivery,10634.5
1883,51687,154,2023-08-27,2,Defective,7630.36
1884,51742,82,2023-10-23,2,Damaged,11699.04
1885,51750,406,2025-08-05,2,Late Delivery,4735.79
1886,51862,18,2023-10-19,2,Customer Changed Mind,9313.24
1887,51880,225,2025-04-14,1,Customer Changed Mind,4685.88
1888,51892,211,2026-07-26,2,Wrong Item,4087.16
1889,51904,492,2023-04-07,2,Late Delivery,11982.37
1890,51937,149,2025-09-05,2,Damaged,10305.2
1891,51980,162,2023-05-01,1,Wrong Item,1307.63
1892,52024,451,2023-10-11,1,Late Delivery,9548.11
1893,52029,67,2025-01-06,1,Damaged,10060.98
1894,52043,147,2026-01-31,1,Late Delivery,11128.77
1895,52046,230,2023-02-18,2,Damaged,3267.59
1896,52070,454,2023-12-06,2,Wrong Item,3750.71
1897,52077,84,2023-09-30,2,Defective,3477.97
1898,52172,177,2025-04-21,1,Damaged,4039.32
1899,52176,370,2025-10-26,1,Damaged,10520.71
1900,52190,495,2025-03-12,2,Wrong Item,11461.1
1901,52208,15,2024-04-14,1,Wrong Item,11502.01
1902,52232,275,2023-03-10,1,Size Issue,10278.83
1903,52235,250,2025-04-19,1,Wrong Item,6774.09
1904,52244,468,2024-01-12,1,Defective,8939.61
1905,52271,375,2025-10-23,2,Size Issue,8327.48
1906,52318,121,2026-04-12,2,Defective,7660.65
1907,52324,20,2023-10-21,1,Size Issue,4342.97
1908,52327,271,2026-09-01,2,Late Delivery,709.76
1909,52339,368,2024-01-08,2,Size Issue,10272.55
1910,52341,370,2025-11-01,2,Size Issue,3246.78
1911,52360,147,2026-01-24,2,Customer Changed Mind,1242.22
1912,52370,488,2024-05-18,1,Damaged,3646.67
1913,52385,335,2025-11-28,1,Damaged,11360.54
1914,52472,374,2025-09-03,1,Late Delivery,5648.61
1915,52479,80,2025-12-20,2,Customer Changed Mind,10990.19
1916,52496,245,2026-05-31,2,Damaged,8634.43
1917,52514,378,2024-07-01,2,Wrong Item,3957.38
1918,52553,42,2026-03-02,1,Damaged,9402.99
1919,52573,23,2025-10-17,2,Customer Changed Mind,11100.68
1920,52602,206,2026-04-13,1,Late Delivery,8648.25
1921,52670,76,2026-01-23,2,Damaged,7511.06
1922,52686,474,2023-02-06,1,Wrong Item,1235.87
1923,52701,416,2024-07-02,2,Wrong Item,7571.47
1924,52704,210,2024-05-04,1,Wrong Item,3289.06
1925,52746,278,2023-08-27,1,Customer Changed Mind,1948.76
1926,52750,142,2026-06-20,1,Defective,1684.5
1927,52768,439,2023-01-23,2,Size Issue,10498.63
1928,52786,325,2024-12-21,1,Late Delivery,11367.44
1929,52819,367,2023-09-07,1,Wrong Item,10814.5
1930,52834,327,2025-07-22,1,Damaged,9372.79
1931,52859,180,2023-12-03,2,Wrong Item,2262.96
1932,52871,165,2025-08-15,1,Damaged,5607.53
1933,52888,344,2024-11-04,2,Defective,8109.12
1934,52902,306,2023-12-10,2,Late Delivery,5893.21
1935,52913,293,2026-07-21,2,Defective,11058.89
1936,52921,344,2025-07-13,2,Defective,3061.85
1937,52961,287,2026-08-22,2,Wrong Item,5594.96
1938,52967,227,2024-07-19,2,Late Delivery,2459.39
1939,52969,241,2025-10-17,2,Wrong Item,6700.38
1940,52999,253,2023-10-16,2,Damaged,11370.25
1941,53005,444,2025-03-06,2,Damaged,9586.61
1942,53030,12,2025-08-13,2,Defective,11473.92
1943,53054,215,2025-04-11,2,Late Delivery,11067.27
1944,53072,435,2025-06-26,2,Size Issue,9976.61
1945,53085,30,2024-09-13,2,Late Delivery,4859.9
1946,53094,219,2023-12-05,2,Customer Changed Mind,708.45
1947,53102,32,2026-06-11,1,Damaged,5942.72
1948,53105,212,2024-11-19,1,Damaged,7517.92
1949,53198,186,2025-09-06,1,Customer Changed Mind,4323.14
1950,53231,447,2023-02-20,2,Late Delivery,9979.8
1951,53305,18,2024-11-04,1,Customer Changed Mind,7652.6
1952,53332,186,2025-06-26,1,Wrong Item,1519.4
1953,53365,462,2024-01-17,1,Customer Changed Mind,2818.99
1954,53371,297,2024-05-07,2,Defective,2429.15
1955,53423,36,2023-12-23,1,Customer Changed Mind,2514.63
1956,53428,242,2025-12-25,1,Defective,9164.21
1957,53449,324,2024-03-03,2,Late Delivery,11767.95
1958,53483,482,2024-02-28,1,Late Delivery,2960.63
1959,53487,403,2026-08-18,1,Size Issue,10220.18
1960,53525,313,2023-04-29,2,Late Delivery,10373.84
1961,53546,408,2023-09-20,1,Late Delivery,10142.65
1962,53561,194,2025-08-10,1,Late Delivery,7709.32
1963,53590,257,2026-03-03,2,Defective,5113.2
1964,53606,285,2025-11-09,1,Wrong Item,6877.07
1965,53642,210,2023-07-17,2,Damaged,5968.81
1966,53655,196,2024-01-27,1,Defective,1544.36
1967,53658,175,2025-06-13,2,Defective,9288.42
1968,53664,461,2025-09-04,1,Late Delivery,4013.81
1969,53699,496,2023-12-15,1,Defective,4193.53
1970,53836,34,2025-02-17,2,Damaged,6495.38
1971,53864,90,2023-03-28,1,Damaged,5693.8
1972,53876,310,2024-01-17,2,Size Issue,7389.01
1973,53882,469,2023-06-01,2,Wrong Item,4465.38
1974,53884,113,2024-04-28,1,Late Delivery,9435.57
1975,53911,65,2025-06-10,1,Damaged,4156.06
1976,53929,273,2023-12-14,1,Wrong Item,8944.74
1977,53957,202,2023-04-01,2,Damaged,6208.22
1978,53967,99,2024-07-13,2,Size Issue,2437.25
1979,53970,411,2026-06-17,1,Defective,7963.2
1980,53977,284,2024-10-09,1,Size Issue,10665.82
1981,53999,491,2024-03-22,1,Size Issue,10091.83
1982,54087,248,2025-07-17,1,Customer Changed Mind,10274.85
1983,54132,215,2023-04-14,2,Wrong Item,10316.37
1984,54159,397,2023-09-12,1,Defective,5047.57
1985,54168,213,2023-11-14,1,Defective,752.63
1986,54179,294,2023-09-13,1,Damaged,11345.89
1987,54200,298,2025-03-23,1,Customer Changed Mind,10425.19
1988,54238,130,2024-09-13,2,Wrong Item,3627.87
1989,54254,419,2025-05-02,2,Defective,2335.47
1990,54306,375,2025-03-03,1,Customer Changed Mind,5723.52
1991,54310,87,2023-03-24,1,Wrong Item,10971.05
1992,54365,426,2024-10-09,2,Defective,9871.34
1993,54385,485,2024-04-18,2,Defective,2185.25
1994,54394,272,2025-05-06,2,Wrong Item,2982.64
1995,54413,121,2025-04-22,2,Late Delivery,8831.27
1996,54426,368,2024-12-31,1,Wrong Item,3732.04
1997,54440,350,2023-02-19,1,Defective,1845.76
1998,54449,77,2024-03-06,1,Size Issue,9331.29
1999,54516,365,2025-09-21,1,Wrong Item,11386.87
2000,54521,404,2025-05-04,1,Damaged,6851.97
2001,54561,89,2025-02-01,2,Late Delivery,7967.37
2002,54595,356,2024-12-30,2,Damaged,3157.09
2003,54615,430,2025-07-09,2,Size Issue,6432.93
2004,54693,333,2024-10-09,2,Size Issue,9882.55
2005,54761,268,2024-09-05,2,Customer Changed Mind,619.46
2006,54832,290,2026-02-07,1,Defective,9181.9
2007,54837,32,2025-08-17,1,Customer Changed Mind,5145.95
2008,54862,267,2026-02-14,2,Customer Changed Mind,9537.18
2009,54896,464,2026-01-31,1,Wrong Item,11583.78
2010,54901,191,2025-04-16,1,Late Delivery,2809.48
2011,54910,153,2025-11-20,1,Customer Changed Mind,8486.95
2012,54918,407,2026-01-25,2,Damaged,936.47
2013,54922,301,2024-05-03,2,Damaged,6084.76
2014,54966,457,2024-03-22,2,Customer Changed Mind,2955.47
2015,54976,388,2026-01-06,2,Size Issue,5224.54
2016,55000,282,2023-08-17,2,Defective,4910.43
2017,55005,128,2024-08-07,2,Wrong Item,9726.72
2018,55012,168,2024-07-18,2,Customer Changed Mind,2502.94
2019,55034,238,2024-07-23,2,Size Issue,5976.1
2020,55081,29,2024-04-09,1,Size Issue,10164.61
2021,55085,116,2025-10-25,1,Size Issue,10087.75
2022,55135,246,2023-12-15,1,Wrong Item,4738.4
2023,55151,233,2024-07-27,1,Defective,4796.01
2024,55152,108,2023-02-02,1,Wrong Item,9056.97
2025,55163,218,2024-09-29,1,Defective,11109.12
2026,55172,175,2024-08-18,1,Damaged,9447.09
2027,55228,163,2024-07-30,1,Damaged,7630.4
2028,55377,440,2023-09-21,2,Damaged,4244.04
2029,55383,490,2023-07-10,2,Size Issue,9076.21
2030,55399,6,2023-07-16,1,Wrong Item,8041.56
2031,55426,138,2024-04-12,1,Defective,8284.45
2032,55487,207,2023-04-22,1,Late Delivery,6263.57
2033,55495,485,2023-11-29,2,Defective,10202.2
2034,55496,156,2024-11-19,2,Defective,11165.34
2035,55507,152,2024-11-07,1,Size Issue,6713.61
2036,55521,266,2023-10-15,2,Customer Changed Mind,1265.34
2037,55539,112,2026-05-17,1,Customer Changed Mind,11819.52
2038,55582,462,2023-10-19,1,Defective,377.02
2039,55606,91,2024-08-11,2,Defective,1107.25
2040,55611,467,2025-04-17,2,Wrong Item,5064.47
2041,55621,131,2023-04-07,2,Wrong Item,4629.1
2042,55649,280,2024-01-06,1,Late Delivery,7316.62
2043,55665,457,2025-03-08,1,Defective,9602.85
2044,55703,89,2025-02-15,2,Defective,4301.23
2045,55754,347,2024-05-12,1,Damaged,2411.77
2046,55781,419,2024-10-16,1,Wrong Item,5006.17
2047,55798,83,2025-11-08,2,Defective,674.48
2048,55821,355,2024-10-12,2,Size Issue,7474.46
2049,55826,228,2023-08-18,2,Defective,9863.73
2050,55829,394,2023-05-18,2,Wrong Item,2794.03
2051,55835,444,2024-03-22,1,Size Issue,2687.34
2052,55975,17,2025-12-30,2,Defective,11905.09
2053,55978,110,2024-03-05,2,Wrong Item,7543.41
2054,55998,69,2024-07-06,1,Defective,8303.99
2055,56019,320,2023-04-13,2,Late Delivery,9063.98
2056,56022,131,2024-08-26,2,Size Issue,936.45
2057,56086,234,2025-05-30,2,Late Delivery,9099.35
2058,56116,411,2026-07-28,1,Damaged,4757.79
2059,56137,485,2025-10-23,2,Wrong Item,3599.61
2060,56210,273,2026-02-28,1,Late Delivery,3233.26
2061,56212,72,2025-09-29,1,Size Issue,10951.39
2062,56254,102,2023-04-27,1,Customer Changed Mind,3636.07
2063,56258,447,2023-10-27,1,Defective,9841.67
2064,56284,434,2023-11-18,1,Damaged,6744.79
2065,56291,101,2024-07-21,2,Defective,7225.79
2066,56324,163,2024-06-25,1,Defective,3268.55
2067,56353,195,2023-03-19,2,Wrong Item,7900.67
2068,56403,225,2024-06-26,1,Wrong Item,4875.79
2069,56406,57,2023-06-08,1,Late Delivery,6413.01
2070,56440,460,2025-06-16,1,Customer Changed Mind,1151.84
2071,56512,178,2024-04-04,2,Damaged,2625.51
2072,56526,231,2026-04-18,1,Late Delivery,11290.21
2073,56532,25,2023-01-21,1,Wrong Item,9531.7
2074,56553,81,2023-09-25,2,Defective,4496.31
2075,56579,39,2025-12-11,2,Late Delivery,4044.01
2076,56600,278,2025-08-02,2,Damaged,5411.76
2077,56621,465,2025-02-10,2,Customer Changed Mind,8086.47
2078,56666,86,2023-04-30,1,Size Issue,728.29
2079,56747,38,2026-01-08,1,Size Issue,9495.93
2080,56756,387,2026-02-24,2,Wrong Item,1157.92
2081,56767,500,2025-09-13,2,Late Delivery,1812.33
2082,56779,339,2024-12-29,1,Damaged,5240.77
2083,56836,259,2023-04-17,2,Size Issue,1833.32
2084,56848,423,2023-05-21,1,Damaged,449.9
2085,56852,84,2023-03-23,2,Size Issue,7338.85
2086,56867,411,2024-08-11,2,Customer Changed Mind,7938.77
2087,56973,379,2024-05-28,1,Wrong Item,6099.33
2088,56977,317,2026-02-05,2,Size Issue,8641.75
2089,56993,314,2023-03-05,1,Defective,4391.1
2090,57069,141,2023-10-06,2,Defective,10740.98
2091,57073,480,2026-06-15,2,Wrong Item,1292.6
2092,57079,91,2023-06-24,1,Size Issue,7730.58
2093,57111,442,2023-06-09,2,Customer Changed Mind,4587.72
2094,57120,352,2025-11-29,2,Size Issue,9348.02
2095,57147,188,2026-04-24,2,Late Delivery,5186.35
2096,57208,468,2024-02-14,2,Size Issue,9353.76
2097,57233,89,2023-12-02,2,Wrong Item,4661.15
2098,57269,441,2023-11-15,2,Damaged,3778.46
2099,57332,437,2026-01-27,1,Customer Changed Mind,8650.72
2100,57359,71,2026-04-12,1,Defective,2919.95
2101,57376,58,2025-12-26,2,Defective,1947.54
2102,57379,54,2023-09-15,2,Size Issue,11130.31
2103,57469,276,2025-03-08,1,Defective,430.23
2104,57470,442,2025-04-30,1,Damaged,9678.42
2105,57489,128,2024-12-07,2,Size Issue,731.56
2106,57543,12,2023-02-20,1,Defective,4320.46
2107,57556,436,2024-10-21,1,Damaged,7563.87
2108,57566,257,2023-10-13,2,Customer Changed Mind,4570.89
2109,57567,273,2023-05-20,1,Damaged,8602.22
2110,57572,154,2025-01-12,1,Wrong Item,10102.44
2111,57587,462,2024-07-21,1,Defective,11698.55
2112,57624,63,2025-06-11,1,Defective,2840.69
2113,57630,56,2024-03-04,1,Size Issue,4753.83
2114,57657,159,2024-10-28,1,Size Issue,7959.61
2115,57659,358,2025-09-03,2,Size Issue,10332.24
2116,57671,123,2023-09-10,1,Damaged,11372.46
2117,57673,125,2023-10-10,2,Defective,1867.32
2118,57715,30,2024-05-23,2,Late Delivery,9195.38
2119,57728,368,2024-01-06,2,Late Delivery,9510.15
2120,57829,217,2023-02-12,2,Late Delivery,1944.14
2121,57939,494,2024-09-30,2,Customer Changed Mind,3486.92
2122,58034,69,2024-07-06,2,Late Delivery,5594.94
2123,58093,484,2023-03-12,2,Size Issue,1210.01
2124,58095,225,2023-03-22,2,Defective,1585.58
2125,58102,107,2026-03-15,1,Customer Changed Mind,4299.16
2126,58107,30,2023-05-24,2,Late Delivery,7987.63
2127,58142,303,2025-08-21,1,Late Delivery,9740.35
2128,58147,371,2026-03-02,1,Wrong Item,10677.77
2129,58167,249,2024-03-03,1,Defective,2949.46
2130,58227,338,2026-03-15,1,Defective,9982.12
2131,58252,400,2023-05-08,1,Wrong Item,11105.25
2132,58312,105,2026-04-26,2,Late Delivery,6458.58
2133,58313,333,2025-11-06,2,Wrong Item,1599.38
2134,58320,146,2026-07-01,1,Customer Changed Mind,9501.45
2135,58337,192,2024-05-21,2,Size Issue,10329.68
2136,58339,360,2023-06-15,1,Defective,1964.41
2137,58403,213,2026-02-28,2,Size Issue,4625.82
2138,58411,475,2023-03-29,1,Defective,3986.06
2139,58430,18,2025-06-14,1,Damaged,7349.23
2140,58473,307,2024-06-13,2,Damaged,2510.06
2141,58477,105,2025-05-21,1,Wrong Item,4351.13
2142,58484,204,2025-03-07,2,Late Delivery,606.26
2143,58510,415,2023-11-01,1,Size Issue,11845.9
2144,58558,477,2025-11-23,2,Damaged,10389.86
2145,58614,41,2023-06-08,1,Size Issue,10552.84
2146,58677,348,2025-02-10,2,Late Delivery,1442.86
2147,58686,57,2025-06-10,1,Defective,6700.42
2148,58706,368,2026-05-26,2,Size Issue,5979.66
2149,58735,7,2026-01-15,2,Damaged,929.11
2150,58763,457,2023-05-19,1,Wrong Item,1322.74
2151,58797,194,2026-03-19,2,Wrong Item,3875.61
2152,58823,1,2023-10-08,2,Late Delivery,2765.72
2153,58852,179,2024-09-02,2,Late Delivery,737.8
2154,58901,303,2024-05-04,1,Size Issue,6208.6
2155,58915,395,2024-10-13,1,Wrong Item,8379.11
2156,58929,194,2025-10-08,1,Damaged,8754.49
2157,58934,402,2025-06-02,1,Customer Changed Mind,8618.5
2158,58939,482,2023-09-13,1,Size Issue,11198.52
2159,59009,453,2025-12-04,1,Customer Changed Mind,5816.72
2160,59028,107,2024-10-01,1,Wrong Item,6453.34
2161,59091,74,2025-09-11,1,Size Issue,1781.19
2162,59092,70,2023-07-02,1,Defective,2713.84
2163,59205,263,2025-05-17,2,Size Issue,6047.08
2164,59232,27,2023-05-25,2,Damaged,516.73
2165,59307,402,2023-07-26,1,Late Delivery,3385.0
2166,59333,192,2023-10-27,2,Wrong Item,5813.52
2167,59380,165,2025-07-15,2,Late Delivery,10927.53
2168,59382,148,2025-03-26,1,Defective,1203.16
2169,59384,175,2025-08-20,2,Late Delivery,2229.77
2170,59404,448,2024-06-15,2,Wrong Item,2832.42
2171,59407,490,2023-11-15,2,Defective,10764.91
2172,59410,32,2025-08-07,2,Wrong Item,698.17
2173,59427,491,2025-10-02,2,Damaged,3473.14
2174,59478,368,2024-04-07,1,Wrong Item,9667.04
2175,59484,57,2025-10-12,2,Late Delivery,3564.15
2176,59581,461,2025-09-18,2,Late Delivery,8944.83
2177,59620,86,2025-04-08,1,Late Delivery,10477.94
2178,59712,462,2026-04-29,1,Defective,2970.58
2179,59723,7,2024-02-25,1,Wrong Item,2219.05
2180,59727,37,2025-10-20,2,Late Delivery,3091.25
2181,59800,345,2023-11-27,1,Size Issue,9936.08
2182,59859,143,2025-07-07,2,Size Issue,6629.13
2183,59902,267,2026-04-16,1,Size Issue,10157.39
2184,59962,22,2024-03-19,1,Wrong Item,4371.95
2185,59966,50,2023-01-21,1,Wrong Item,1539.48
2186,59999,89,2024-11-17,2,Wrong Item,2786.76
2187,60046,82,2025-03-27,2,Defective,5649.4
2188,60148,114,2025-09-20,2,Late Delivery,9907.67
2189,60153,235,2023-04-30,2,Late Delivery,3923.82
2190,60154,355,2023-10-17,2,Size Issue,5356.11
2191,60182,371,2023-10-09,1,Customer Changed Mind,11807.19
2192,60220,402,2024-06-09,1,Damaged,3611.85
2193,60232,195,2026-02-01,2,Size Issue,8660.9
2194,60242,101,2024-04-30,2,Wrong Item,4115.02
2195,60278,157,2026-02-03,2,Customer Changed Mind,6906.22
2196,60288,493,2024-04-18,2,Damaged,10190.16
2197,60290,411,2025-05-11,2,Customer Changed Mind,10042.46
2198,60304,152,2025-06-22,1,Size Issue,11873.48
2199,60311,254,2025-05-24,2,Defective,8288.95
2200,60321,277,2025-09-03,2,Damaged,8810.73
2201,60332,265,2025-11-19,2,Late Delivery,7075.04
2202,60341,295,2023-12-17,1,Wrong Item,2245.21
2203,60442,221,2023-07-18,2,Wrong Item,8750.48
2204,60450,92,2023-10-16,1,Customer Changed Mind,11084.41
2205,60468,104,2026-01-15,2,Damaged,5702.9
2206,60485,362,2026-01-14,1,Defective,5762.83
2207,60550,464,2024-07-16,1,Customer Changed Mind,5198.05
2208,60580,315,2023-07-25,2,Customer Changed Mind,10413.31
2209,60661,97,2024-07-05,1,Late Delivery,10077.0
2210,60704,78,2024-10-25,1,Defective,10989.1
2211,60799,213,2025-12-25,1,Wrong Item,839.65
2212,60820,438,2025-08-23,1,Size Issue,10370.66
2213,60830,362,2025-10-01,2,Late Delivery,10745.26
2214,60832,481,2023-11-29,2,Customer Changed Mind,5478.47
2215,60848,410,2026-04-28,2,Defective,11213.5
2216,60890,387,2023-12-28,1,Customer Changed Mind,5704.0
2217,60938,32,2024-06-24,1,Damaged,9387.67
2218,60954,398,2024-07-08,2,Damaged,7606.02
2219,60979,324,2026-03-20,1,Damaged,7944.32
2220,60996,42,2023-05-13,2,Wrong Item,8594.75
2221,61017,418,2024-08-10,1,Damaged,11134.75
2222,61086,299,2026-07-11,1,Size Issue,6425.58
2223,61106,485,2025-05-14,1,Wrong Item,11116.05
2224,61122,70,2025-07-18,1,Damaged,8410.18
2225,61213,443,2024-07-01,1,Damaged,2165.47
2226,61226,469,2025-04-04,2,Late Delivery,9677.08
2227,61228,303,2024-12-15,1,Customer Changed Mind,4416.92
2228,61287,375,2024-03-23,2,Late Delivery,4661.13
2229,61314,44,2026-04-16,1,Size Issue,4608.32
2230,61392,411,2026-03-26,2,Defective,7027.91
2231,61419,2,2025-01-18,2,Customer Changed Mind,2802.45
2232,61426,283,2026-02-19,2,Customer Changed Mind,802.75
2233,61431,258,2025-08-09,1,Defective,11618.2
2234,61494,2,2023-02-09,2,Size Issue,4620.46
2235,61519,324,2025-04-21,2,Customer Changed Mind,8633.16
2236,61527,145,2024-11-29,1,Defective,3815.72
2237,61552,118,2024-01-18,2,Wrong Item,1352.94
2238,61562,186,2023-04-26,1,Wrong Item,2678.43
2239,61594,452,2023-05-05,1,Size Issue,6568.84
2240,61653,118,2024-04-24,2,Defective,8903.34
2241,61692,86,2025-03-18,2,Customer Changed Mind,1356.19
2242,61696,419,2025-02-05,2,Defective,5557.75
2243,61724,168,2023-03-08,1,Size Issue,7805.42
2244,61727,70,2026-08-06,1,Wrong Item,7677.59
2245,61729,467,2025-12-09,2,Wrong Item,9048.71
2246,61740,178,2023-07-25,2,Size Issue,633.44
2247,61783,398,2026-08-27,2,Defective,8077.58
2248,61787,162,2024-06-24,2,Damaged,4019.21
2249,61832,427,2026-03-19,2,Late Delivery,4151.38
2250,61850,477,2024-10-20,1,Damaged,8438.56
2251,61881,199,2024-08-01,2,Late Delivery,5053.87
2252,61882,356,2025-04-14,2,Defective,5181.74
2253,61947,143,2023-12-15,2,Wrong Item,4174.38
2254,61987,175,2023-04-13,2,Customer Changed Mind,1379.76
2255,61997,186,2025-06-26,1,Late Delivery,3282.72
2256,62040,259,2023-06-26,1,Defective,3541.62
2257,62056,174,2025-07-22,1,Wrong Item,2802.27
2258,62079,315,2025-10-22,2,Late Delivery,6383.13
2259,62127,68,2026-05-26,2,Damaged,6714.64
2260,62162,156,2024-12-01,2,Late Delivery,2269.97
2261,62165,129,2024-10-06,2,Size Issue,3708.13
2262,62167,411,2025-05-24,2,Wrong Item,11004.43
2263,62171,266,2024-07-04,1,Wrong Item,11297.77
2264,62172,92,2025-03-08,2,Customer Changed Mind,2246.35
2265,62178,207,2024-12-21,2,Damaged,3390.55
2266,62226,378,2024-04-28,2,Size Issue,7819.28
2267,62246,111,2023-06-09,2,Size Issue,7134.88
2268,62269,176,2024-09-03,1,Damaged,11600.56
2269,62301,18,2025-06-08,2,Damaged,7979.65
2270,62302,293,2025-12-17,1,Wrong Item,4558.33
2271,62348,341,2025-02-01,2,Late Delivery,4874.7
2272,62353,468,2024-04-18,1,Damaged,1717.76
2273,62380,170,2026-05-02,1,Wrong Item,7329.58
2274,62406,449,2023-10-18,2,Damaged,3364.29
2275,62432,312,2025-08-04,2,Damaged,3030.39
2276,62441,453,2025-03-14,2,Late Delivery,6696.99
2277,62477,164,2023-05-02,2,Damaged,6186.45
2278,62505,342,2025-10-19,2,Late Delivery,2302.21
2279,62524,56,2023-01-29,2,Damaged,4993.19
2280,62536,363,2025-03-29,1,Defective,6987.97
2281,62554,169,2023-02-09,1,Customer Changed Mind,6851.9
2282,62677,140,2023-09-13,2,Damaged,872.62
2283,62691,425,2025-09-23,2,Late Delivery,5383.89
2284,62697,231,2026-01-16,2,Damaged,6206.47
2285,62726,215,2026-05-30,1,Defective,898.9
2286,62745,300,2025-10-11,1,Damaged,2198.49
2287,62769,267,2026-03-15,1,Wrong Item,7005.47
2288,62794,256,2023-03-25,2,Wrong Item,6708.08
2289,62840,423,2023-04-21,1,Late Delivery,10632.48
2290,62874,341,2023-08-26,1,Wrong Item,8969.71
2291,62909,476,2023-06-06,2,Defective,1107.23
2292,62970,42,2025-08-08,2,Damaged,11270.75
2293,62975,427,2026-08-08,2,Customer Changed Mind,5974.56
2294,63035,1,2025-05-26,2,Size Issue,10349.29
2295,63053,75,2026-05-17,1,Damaged,4788.35
2296,63133,344,2025-03-14,1,Wrong Item,8910.63
2297,63152,472,2024-12-18,1,Size Issue,5637.9
2298,63167,84,2023-10-13,2,Defective,8139.47
2299,63186,180,2024-02-04,1,Damaged,8349.72
2300,63249,89,2024-05-14,2,Size Issue,6132.55
2301,63277,323,2025-12-29,1,Size Issue,5169.55
2302,63281,474,2025-11-09,2,Late Delivery,5501.47
2303,63299,332,2024-08-09,1,Defective,8650.55
2304,63302,380,2024-07-03,2,Size Issue,1914.9
2305,63305,324,2025-04-08,1,Late Delivery,1024.16
2306,63316,127,2023-12-13,2,Defective,2208.31
2307,63465,181,2025-04-25,1,Size Issue,9559.49
2308,63467,459,2026-07-21,2,Late Delivery,6156.24
2309,63476,250,2023-04-04,1,Size Issue,5964.48
2310,63482,139,2024-08-26,2,Customer Changed Mind,2754.06
2311,63489,37,2024-11-26,2,Defective,8409.66
2312,63506,77,2025-03-08,2,Wrong Item,11171.82
2313,63538,224,2023-06-01,1,Defective,693.85
2314,63591,58,2024-11-24,2,Damaged,2660.18
2315,63614,44,2025-10-08,1,Customer Changed Mind,9127.3
2316,63662,335,2026-04-10,2,Defective,6109.63
2317,63751,292,2024-04-03,1,Damaged,1021.71
2318,63756,270,2026-01-12,1,Wrong Item,2543.87
2319,63784,29,2024-08-10,1,Customer Changed Mind,6712.4
2320,63894,183,2023-02-23,2,Defective,675.74
2321,63897,431,2023-08-02,2,Late Delivery,9678.35
2322,63905,336,2026-07-21,2,Customer Changed Mind,9892.28
2323,63916,317,2025-01-21,2,Defective,11096.83
2324,63921,187,2025-04-23,1,Damaged,988.67
2325,63923,450,2025-12-20,2,Size Issue,3337.84
2326,63939,294,2026-02-19,1,Defective,9093.24
2327,63949,313,2025-05-30,2,Size Issue,11820.93
2328,63970,177,2025-01-01,1,Size Issue,2703.45
2329,63991,34,2025-09-22,2,Late Delivery,7275.07
2330,64006,184,2024-11-04,2,Wrong Item,4467.57
2331,64052,166,2024-11-13,2,Size Issue,1184.15
2332,64070,477,2025-04-15,2,Damaged,11235.37
2333,64076,464,2023-04-01,2,Late Delivery,8766.22
2334,64082,182,2025-11-18,1,Damaged,3763.51
2335,64162,184,2025-10-20,2,Defective,7705.09
2336,64254,345,2024-02-25,1,Late Delivery,2239.61
2337,64277,489,2024-12-03,2,Defective,2149.6
2338,64294,64,2023-03-13,1,Size Issue,9327.29
2339,64343,455,2025-04-30,1,Size Issue,1468.29
2340,64358,77,2026-01-05,2,Late Delivery,2801.3
2341,64413,267,2023-02-14,1,Defective,1020.94
2342,64422,287,2024-07-01,1,Defective,11299.55
2343,64423,248,2024-10-25,2,Customer Changed Mind,7845.9
2344,64439,268,2026-08-01,2,Damaged,2352.29
2345,64449,254,2025-11-27,1,Size Issue,5256.97
2346,64498,299,2023-06-01,1,Wrong Item,5977.19
2347,64610,458,2025-12-11,1,Late Delivery,4688.11
2348,64629,496,2024-12-27,2,Damaged,10509.27
2349,64636,239,2024-03-04,2,Late Delivery,6167.59
2350,64640,99,2024-09-30,1,Defective,8980.51
2351,64673,404,2024-09-18,2,Size Issue,8191.47
2352,64685,385,2023-01-25,1,Late Delivery,2505.81
2353,64737,75,2025-02-05,1,Defective,1947.5
2354,64805,178,2025-06-03,1,Size Issue,1233.78
2355,64811,495,2025-06-10,1,Size Issue,2465.53
2356,64820,346,2024-05-11,2,Size Issue,2050.14
2357,64834,301,2025-01-29,1,Late Delivery,3441.47
2358,64888,378,2025-09-27,1,Wrong Item,10375.93
2359,64936,166,2025-06-22,1,Wrong Item,9653.6
2360,64951,410,2023-05-21,2,Defective,599.39
2361,64952,277,2024-08-23,2,Customer Changed Mind,8220.9
2362,64959,417,2024-11-22,1,Defective,7060.23
2363,64969,323,2023-11-09,1,Defective,6974.78
2364,65003,475,2023-10-11,1,Damaged,3114.5
2365,65047,284,2023-10-07,1,Late Delivery,6663.58
2366,65053,359,2025-09-23,1,Wrong Item,4178.74
2367,65055,311,2026-03-20,2,Defective,11126.31
2368,65077,72,2026-03-13,1,Customer Changed Mind,3250.96
2369,65104,443,2025-02-02,1,Size Issue,9823.94
2370,65137,311,2026-01-31,1,Wrong Item,3246.52
2371,65237,63,2023-06-06,2,Damaged,5337.14
2372,65264,163,2023-07-02,1,Wrong Item,7916.23
2373,65363,373,2023-09-15,2,Damaged,7821.04
2374,65445,69,2023-10-04,1,Wrong Item,5713.47
2375,65551,234,2025-01-10,2,Size Issue,8824.96
2376,65581,306,2023-03-05,2,Wrong Item,7158.27
2377,65621,326,2024-01-26,1,Wrong Item,4683.75
2378,65676,427,2024-01-02,1,Wrong Item,11196.24
2379,65702,280,2023-12-02,1,Damaged,11745.28
2380,65708,334,2025-06-08,1,Late Delivery,826.57
2381,65713,132,2026-07-07,1,Wrong Item,2490.55
2382,65759,490,2024-03-10,2,Customer Changed Mind,11205.85
2383,65770,129,2024-02-26,2,Late Delivery,11253.85
2384,65798,325,2026-07-21,2,Wrong Item,8942.45
2385,65801,253,2024-10-05,2,Wrong Item,7789.49
2386,65899,260,2023-11-21,1,Wrong Item,5410.04
2387,65954,329,2024-07-12,1,Wrong Item,8329.03
2388,65974,213,2025-03-01,1,Damaged,9108.37
2389,65978,435,2024-04-17,1,Size Issue,4156.96
2390,65987,355,2025-11-23,1,Size Issue,4509.2
2391,65994,307,2026-08-14,2,Size Issue,9470.29
2392,66040,361,2025-10-21,2,Wrong Item,5916.15
2393,66058,175,2026-04-07,2,Size Issue,3603.45
2394,66064,281,2024-07-20,2,Wrong Item,7033.25
2395,66075,203,2026-02-24,1,Wrong Item,4166.92
2396,66103,194,2024-12-31,1,Customer Changed Mind,6380.28
2397,66112,310,2025-02-19,2,Defective,1513.93
2398,66131,98,2024-12-10,2,Wrong Item,2701.48
2399,66179,157,2023-08-10,1,Damaged,2508.53
2400,66180,334,2024-01-21,1,Size Issue,8337.39
2401,66185,458,2026-02-21,2,Wrong Item,2874.78
2402,66205,484,2023-02-28,2,Defective,10465.28
2403,66214,231,2026-01-20,1,Wrong Item,8819.04
2404,66221,156,2025-09-21,2,Late Delivery,8845.71
2405,66251,461,2023-08-11,1,Size Issue,5308.23
2406,66280,73,2024-01-04,2,Size Issue,9600.89
2407,66302,449,2023-11-02,1,Wrong Item,2969.85
2408,66332,170,2024-12-31,1,Late Delivery,422.34
2409,66357,29,2023-02-12,2,Defective,8312.66
2410,66362,27,2023-05-27,1,Damaged,8564.78
2411,66389,185,2023-09-27,1,Defective,10076.85
2412,66424,367,2023-12-20,2,Customer Changed Mind,3631.38
2413,66524,113,2024-11-05,1,Size Issue,9988.34
2414,66634,263,2025-01-28,1,Defective,7647.81
2415,66701,31,2026-01-27,1,Customer Changed Mind,2557.94
2416,66753,228,2026-07-07,1,Defective,782.6
2417,66755,333,2026-04-29,1,Defective,7524.57
2418,66778,461,2024-05-07,2,Customer Changed Mind,11641.54
2419,66782,45,2026-03-07,1,Wrong Item,11705.1
2420,66791,212,2024-05-25,2,Size Issue,2706.44
2421,66828,289,2026-02-17,2,Wrong Item,10089.28
2422,66829,158,2025-11-17,1,Late Delivery,3322.34
2423,66850,145,2024-08-15,2,Damaged,7629.89
2424,66914,324,2025-07-13,1,Late Delivery,1205.11
2425,66915,357,2024-07-27,2,Customer Changed Mind,2055.9
2426,66938,5,2023-04-13,2,Customer Changed Mind,9599.43
2427,66961,249,2023-11-16,1,Wrong Item,7057.11
2428,66992,254,2023-02-26,1,Late Delivery,950.24
2429,67013,189,2024-05-04,2,Wrong Item,6507.5
2430,67035,371,2023-04-20,2,Late Delivery,5010.07
2431,67039,254,2023-12-11,2,Late Delivery,9938.45
2432,67063,99,2024-06-11,2,Damaged,3910.24
2433,67088,336,2025-07-26,1,Defective,10296.31
2434,67115,15,2025-07-10,1,Wrong Item,6383.19
2435,67152,196,2025-08-27,2,Damaged,5559.95
2436,67160,73,2023-02-12,2,Late Delivery,10839.69
2437,67168,229,2026-01-10,1,Damaged,1646.81
2438,67170,151,2025-10-16,2,Size Issue,6905.04
2439,67181,199,2023-12-31,2,Late Delivery,7341.06
2440,67201,481,2024-07-25,2,Size Issue,3646.76
2441,67280,138,2023-08-27,2,Defective,1170.16
2442,67302,207,2025-08-30,1,Customer Changed Mind,4239.04
2443,67339,409,2025-08-24,1,Damaged,11810.58
2444,67382,409,2024-06-23,2,Late Delivery,4390.86
2445,67386,157,2026-02-04,1,Late Delivery,4608.71
2446,67415,166,2023-08-19,1,Wrong Item,4890.32
2447,67512,364,2024-10-26,2,Customer Changed Mind,5870.91
2448,67557,28,2025-09-21,2,Damaged,4652.6
2449,67572,37,2024-10-23,2,Size Issue,6626.16
2450,67574,58,2026-02-26,2,Late Delivery,9753.69
2451,67581,198,2024-07-02,1,Damaged,10551.58
2452,67582,493,2024-04-08,1,Wrong Item,7236.17
2453,67607,203,2025-02-22,1,Size Issue,6792.45
2454,67641,391,2024-05-10,1,Defective,9397.25
2455,67684,440,2024-10-18,1,Size Issue,429.56
2456,67707,460,2025-03-04,1,Late Delivery,5993.36
2457,67753,145,2025-01-01,2,Customer Changed Mind,7509.95
2458,67766,444,2024-06-06,1,Late Delivery,10948.44
2459,67796,297,2023-03-09,1,Damaged,815.0
2460,67806,207,2025-02-25,1,Size Issue,4755.29
2461,67818,11,2025-02-14,1,Late Delivery,6285.76
2462,67851,465,2024-07-22,1,Late Delivery,2538.83
2463,67852,407,2024-07-24,1,Defective,4177.04
2464,67860,4,2023-09-03,1,Size Issue,808.24
2465,67868,492,2026-03-19,1,Wrong Item,7147.09
2466,67891,363,2025-12-11,2,Damaged,7675.55
2467,67943,26,2024-09-16,2,Defective,9564.33
2468,68014,178,2024-05-22,2,Late Delivery,4848.8
2469,68026,387,2025-10-26,1,Wrong Item,9698.99
2470,68070,445,2025-12-11,1,Wrong Item,3752.85
2471,68071,492,2025-11-02,2,Late Delivery,7758.67
2472,68084,59,2025-06-21,1,Late Delivery,4677.65
2473,68131,283,2024-11-29,2,Damaged,848.55
2474,68174,157,2024-09-15,2,Defective,8912.43
2475,68217,255,2023-07-14,1,Late Delivery,1163.36
2476,68245,54,2023-12-17,2,Defective,2646.0
2477,68253,79,2023-10-18,2,Customer Changed Mind,5169.1
2478,68254,358,2024-09-20,1,Size Issue,5157.9
2479,68317,391,2024-01-20,2,Size Issue,8161.5
2480,68329,94,2024-06-18,1,Late Delivery,10677.83
2481,68356,12,2025-08-31,2,Wrong Item,1894.44
2482,68367,63,2025-05-13,2,Wrong Item,2483.58
2483,68431,292,2024-03-18,2,Damaged,4350.98
2484,68478,353,2026-04-22,2,Size Issue,880.1
2485,68486,461,2024-02-15,2,Size Issue,4341.91
2486,68558,69,2023-12-31,1,Size Issue,4622.86
2487,68570,112,2024-12-25,1,Size Issue,2000.57
2488,68578,476,2023-11-25,1,Late Delivery,5359.58
2489,68579,53,2026-06-02,1,Late Delivery,4754.4
2490,68602,476,2025-01-02,1,Damaged,587.46
2491,68603,313,2024-10-22,1,Wrong Item,8503.15
2492,68606,244,2024-03-29,2,Defective,5210.47
2493,68625,158,2024-12-01,2,Size Issue,7276.27
2494,68734,108,2025-09-24,1,Defective,5836.08
2495,68748,448,2025-02-22,1,Damaged,9892.91
2496,68771,142,2023-03-08,1,Customer Changed Mind,9746.11
2497,68828,246,2023-10-04,2,Size Issue,8665.61
2498,68838,385,2024-04-03,2,Defective,9940.46
2499,68862,222,2025-09-15,1,Damaged,9212.53
2500,68887,70,2025-12-13,2,Size Issue,11444.52
2501,68907,403,2026-03-31,1,Late Delivery,11045.4
2502,68919,297,2023-02-14,1,Customer Changed Mind,11213.68
2503,68986,28,2023-04-07,2,Wrong Item,6874.77
2504,68992,310,2023-09-03,2,Size Issue,7414.44
2505,69008,467,2026-04-15,2,Late Delivery,2374.26
2506,69030,298,2024-08-07,2,Damaged,2433.32
2507,69034,445,2026-01-31,1,Customer Changed Mind,9565.01
2508,69067,354,2024-07-07,1,Customer Changed Mind,11786.63
2509,69109,172,2023-05-31,2,Damaged,6705.13
2510,69125,308,2026-02-18,1,Defective,5988.51
2511,69141,113,2023-11-25,2,Defective,9983.51
2512,69163,458,2024-10-17,1,Defective,1509.33
2513,69220,484,2023-08-25,2,Customer Changed Mind,7149.86
2514,69242,298,2023-12-22,1,Defective,8490.41
2515,69267,161,2024-05-18,1,Defective,8850.19
2516,69302,216,2024-11-04,1,Wrong Item,9824.92
2517,69331,237,2026-08-13,2,Late Delivery,7793.74
2518,69345,284,2023-05-27,1,Size Issue,9247.48
2519,69391,295,2024-02-08,2,Damaged,11382.98
2520,69399,227,2023-07-15,1,Wrong Item,8435.45
2521,69439,243,2025-09-23,2,Defective,1277.2
2522,69472,168,2023-10-29,2,Customer Changed Mind,4947.72
2523,69491,220,2026-04-15,2,Defective,4351.9
2524,69497,143,2023-10-17,1,Size Issue,3814.32
2525,69504,106,2025-03-17,1,Defective,936.19
2526,69507,62,2023-09-02,1,Wrong Item,906.59
2527,69548,188,2023-08-26,1,Defective,7805.51
2528,69566,267,2025-07-22,2,Wrong Item,3106.03
2529,69590,69,2023-09-16,2,Size Issue,6463.07
2530,69616,27,2023-02-20,1,Customer Changed Mind,2883.42
2531,69629,355,2024-02-11,2,Damaged,3458.5
2532,69642,163,2026-06-23,2,Defective,9243.45
2533,69653,338,2024-10-01,2,Defective,5221.23
2534,69655,271,2025-07-18,2,Customer Changed Mind,8841.16
2535,69747,56,2025-12-31,2,Late Delivery,4435.11
2536,69801,53,2024-08-20,2,Defective,374.38
2537,69828,55,2025-11-11,1,Customer Changed Mind,6939.32
2538,69864,128,2024-11-10,2,Damaged,1784.54
2539,69873,14,2025-06-08,1,Wrong Item,8853.48
2540,69880,227,2026-06-23,2,Customer Changed Mind,5051.23
2541,69897,409,2026-08-06,2,Late Delivery,6214.43
2542,69937,220,2025-01-21,1,Damaged,10938.96
2543,69965,296,2023-02-15,2,Damaged,7104.02
2544,70010,97,2026-04-20,2,Wrong Item,4544.59
2545,70053,354,2023-05-29,2,Damaged,8067.78
2546,70068,308,2023-09-01,1,Defective,485.49
2547,70079,312,2024-10-21,1,Damaged,330.83
2548,70152,405,2025-12-13,2,Late Delivery,2619.13
2549,70176,464,2024-09-15,1,Damaged,7112.55
2550,70202,208,2026-08-15,1,Customer Changed Mind,5569.44
2551,70265,250,2024-04-03,1,Damaged,11408.03
2552,70266,387,2024-08-27,1,Late Delivery,10367.59
2553,70269,101,2023-01-28,2,Size Issue,9162.3
2554,70282,205,2025-01-04,1,Defective,6968.84
2555,70345,29,2025-10-14,1,Defective,410.64
2556,70359,18,2025-04-12,2,Damaged,6860.12
2557,70393,477,2026-01-25,1,Defective,8217.63
2558,70451,451,2025-09-30,2,Size Issue,3620.82
2559,70457,284,2025-11-01,1,Damaged,10250.11
2560,70458,262,2023-04-24,1,Late Delivery,7666.37
2561,70478,119,2025-12-23,2,Customer Changed Mind,10134.01
2562,70503,327,2026-04-08,1,Size Issue,2292.31
2563,70504,192,2026-02-03,2,Customer Changed Mind,8066.14
2564,70529,150,2023-06-26,2,Defective,1179.09
2565,70565,301,2026-01-02,2,Defective,6610.11
2566,70598,199,2025-05-20,1,Wrong Item,409.05
2567,70699,430,2023-09-19,2,Wrong Item,11779.19
2568,70713,250,2023-06-30,2,Size Issue,958.76
2569,70772,11,2025-08-28,2,Size Issue,7529.7
2570,70808,472,2025-01-15,1,Customer Changed Mind,8552.75
2571,70834,340,2024-04-15,2,Size Issue,6779.33
2572,70852,73,2026-07-24,2,Late Delivery,8971.52
2573,70858,466,2025-12-24,1,Customer Changed Mind,8864.12
2574,70861,256,2023-07-05,2,Size Issue,2440.78
2575,70880,198,2024-08-31,2,Size Issue,1636.74
2576,70884,268,2023-07-02,2,Defective,2465.13
2577,70891,232,2023-12-10,2,Customer Changed Mind,419.33
2578,70898,403,2025-08-23,1,Customer Changed Mind,2237.99
2579,70908,137,2024-09-03,2,Late Delivery,1261.73
2580,70923,180,2025-01-03,2,Customer Changed Mind,3756.85
2581,70957,27,2025-11-05,2,Customer Changed Mind,10250.81
2582,70978,71,2026-04-10,1,Size Issue,4943.77
2583,71021,310,2023-11-26,1,Size Issue,3161.96
2584,71025,51,2026-04-11,2,Customer Changed Mind,4217.44
2585,71033,2,2024-09-10,2,Late Delivery,6132.68
2586,71162,310,2023-11-06,2,Customer Changed Mind,3042.08
2587,71202,330,2024-09-30,2,Late Delivery,8000.39
2588,71263,381,2023-06-14,1,Wrong Item,3899.7
2589,71275,388,2026-05-10,1,Wrong Item,5902.6
2590,71291,144,2025-12-14,2,Damaged,8171.16
2591,71304,303,2024-03-29,1,Late Delivery,10105.74
2592,71349,486,2024-09-09,1,Damaged,7350.61
2593,71355,402,2026-04-23,2,Customer Changed Mind,4072.8
2594,71395,421,2024-05-24,2,Customer Changed Mind,7504.61
2595,71477,445,2023-08-05,2,Damaged,10385.39
2596,71509,407,2024-09-10,1,Wrong Item,11842.19
2597,71518,209,2023-01-11,1,Wrong Item,5624.45
2598,71538,304,2024-01-05,1,Late Delivery,11682.82
2599,71546,348,2024-07-17,2,Size Issue,1480.0
2600,71574,182,2025-03-16,2,Damaged,11801.34
2601,71609,165,2026-07-12,1,Wrong Item,9029.58
2602,71716,313,2024-05-28,2,Late Delivery,7696.49
2603,71725,419,2023-07-07,2,Customer Changed Mind,10275.81
2604,71768,160,2024-07-03,1,Wrong Item,2045.21
2605,71779,414,2023-10-27,1,Wrong Item,11226.05
2606,71906,88,2023-01-26,1,Damaged,318.91
2607,71956,21,2025-02-11,2,Wrong Item,7076.59
2608,71991,229,2024-11-23,1,Wrong Item,8887.62
2609,72069,75,2025-04-26,2,Wrong Item,9288.44
2610,72120,31,2023-02-15,1,Size Issue,3335.62
2611,72217,2,2025-07-26,2,Customer Changed Mind,9092.77
2612,72253,71,2023-10-07,2,Damaged,8740.06
2613,72340,437,2023-06-05,2,Customer Changed Mind,5386.4
2614,72356,78,2023-05-20,1,Size Issue,6238.44
2615,72357,387,2025-11-07,2,Customer Changed Mind,3422.01
2616,72368,399,2026-03-29,1,Wrong Item,3282.51
2617,72390,67,2026-01-22,2,Damaged,5325.39
2618,72420,97,2023-02-24,1,Defective,11606.33
2619,72435,97,2025-05-21,1,Size Issue,2873.29
2620,72441,400,2023-02-16,1,Defective,2885.98
2621,72449,376,2026-03-05,1,Customer Changed Mind,8010.87
2622,72451,145,2026-03-01,2,Defective,2538.45
2623,72464,280,2026-08-01,1,Wrong Item,1167.15
2624,72485,307,2026-06-01,1,Size Issue,2713.83
2625,72496,268,2024-03-18,1,Defective,4204.72
2626,72500,303,2026-08-01,1,Wrong Item,2416.47
2627,72517,29,2024-04-28,2,Customer Changed Mind,9579.12
2628,72521,398,2026-07-05,1,Defective,4594.45
2629,72566,288,2023-09-22,2,Size Issue,5553.38
2630,72589,462,2025-01-10,1,Damaged,2071.68
2631,72607,108,2023-02-24,1,Size Issue,1732.99
2632,72618,93,2025-08-01,1,Size Issue,3216.01
2633,72657,85,2024-04-02,1,Defective,1467.34
2634,72674,294,2024-02-08,1,Customer Changed Mind,7233.59
2635,72742,221,2024-12-07,1,Defective,3627.8
2636,72778,412,2024-10-11,1,Damaged,5812.49
2637,72785,398,2026-02-15,1,Defective,10777.62
2638,72808,495,2026-08-27,1,Late Delivery,9975.76
2639,72817,212,2025-01-07,1,Size Issue,1235.64
2640,72821,380,2024-09-28,2,Late Delivery,6383.31
2641,72822,177,2025-05-08,2,Damaged,1854.01
2642,72835,38,2025-05-17,1,Damaged,1723.06
2643,72838,196,2024-04-26,1,Wrong Item,9202.74
2644,72870,496,2023-06-19,2,Customer Changed Mind,7181.81
2645,72877,34,2023-04-26,2,Late Delivery,7597.95
2646,72904,214,2023-10-25,2,Size Issue,1421.24
2647,72905,242,2023-09-30,2,Wrong Item,3186.18
2648,72939,466,2023-09-24,2,Size Issue,8562.37
2649,72943,127,2023-10-03,2,Size Issue,5587.15
2650,72969,420,2024-06-09,2,Late Delivery,6187.56
2651,73058,356,2026-03-04,2,Size Issue,4773.49
2652,73073,297,2023-09-11,2,Late Delivery,2406.51
2653,73117,168,2023-04-04,2,Wrong Item,3314.52
2654,73196,227,2025-01-31,2,Customer Changed Mind,3239.13
2655,73255,210,2026-01-30,1,Defective,597.91
2656,73277,460,2023-08-03,2,Customer Changed Mind,10644.88
2657,73290,419,2025-10-26,1,Defective,11384.22
2658,73322,305,2023-05-07,2,Wrong Item,7586.59
2659,73354,213,2023-09-26,1,Size Issue,8641.83
2660,73429,393,2025-09-26,2,Wrong Item,9123.46
2661,73434,292,2023-05-13,2,Size Issue,2135.69
2662,73444,269,2024-04-04,1,Wrong Item,4622.69
2663,73455,425,2026-04-17,2,Customer Changed Mind,7690.92
2664,73489,25,2025-11-11,1,Late Delivery,10776.74
2665,73499,343,2024-06-22,1,Customer Changed Mind,2580.51
2666,73571,78,2023-09-06,2,Customer Changed Mind,4901.44
2667,73577,276,2023-05-03,2,Damaged,10655.46
2668,73691,455,2024-04-24,1,Late Delivery,8316.74
2669,73708,418,2023-03-19,2,Damaged,3061.43
2670,73719,158,2023-05-22,1,Late Delivery,517.24
2671,73726,53,2026-01-28,2,Damaged,8050.38
2672,73734,162,2023-06-16,2,Wrong Item,5744.58
2673,73737,300,2023-05-10,2,Wrong Item,3276.81
2674,73807,100,2023-03-26,2,Defective,2544.76
2675,73813,487,2025-06-12,1,Customer Changed Mind,2103.57
2676,73838,394,2025-11-14,2,Damaged,6577.65
2677,73855,168,2025-07-05,1,Damaged,9335.7
2678,73862,330,2024-12-06,1,Defective,5790.05
2679,73890,405,2026-02-02,1,Customer Changed Mind,1939.57
2680,73904,413,2025-11-17,2,Size Issue,1517.91
2681,74070,233,2025-04-22,1,Damaged,2053.78
2682,74074,296,2024-08-29,1,Customer Changed Mind,5822.71
2683,74085,102,2024-03-05,2,Late Delivery,6814.58
2684,74092,38,2025-02-09,1,Size Issue,5187.76
2685,74128,231,2024-03-26,2,Defective,2693.21
2686,74146,158,2026-07-02,2,Damaged,3868.09
2687,74147,264,2023-05-13,2,Defective,5831.29
2688,74155,179,2023-11-18,2,Late Delivery,733.64
2689,74216,137,2025-07-21,1,Defective,5783.61
2690,74266,439,2024-12-27,2,Late Delivery,11269.92
2691,74289,264,2025-06-24,1,Customer Changed Mind,10365.69
2692,74328,246,2024-06-15,1,Defective,1138.09
2693,74334,321,2025-07-28,2,Damaged,3436.94
2694,74394,453,2023-12-19,1,Size Issue,729.82
2695,74422,451,2025-09-01,1,Customer Changed Mind,995.64
2696,74428,343,2026-03-06,2,Late Delivery,4413.99
2697,74451,115,2025-04-13,1,Size Issue,9749.57
2698,74452,57,2024-04-09,1,Wrong Item,4488.36
2699,74483,480,2026-05-28,2,Customer Changed Mind,10851.33
2700,74532,22,2026-04-27,2,Defective,10376.05
2701,74533,493,2026-04-18,1,Size Issue,8438.02
2702,74550,405,2025-11-21,2,Damaged,11155.2
2703,74554,49,2024-07-03,1,Defective,7804.46
2704,74629,388,2024-01-28,1,Late Delivery,5131.75
2705,74649,218,2025-08-31,2,Damaged,6643.74
2706,74655,453,2023-08-30,1,Late Delivery,1354.47
2707,74658,50,2024-05-08,1,Customer Changed Mind,2953.97
2708,74677,47,2024-08-18,1,Damaged,10048.94
2709,74688,435,2023-11-15,2,Defective,1648.87
2710,74707,491,2026-06-21,1,Late Delivery,10678.32
2711,74711,168,2025-04-03,2,Damaged,9010.79
2712,74812,60,2026-06-18,2,Damaged,8104.0
2713,74836,486,2023-12-21,2,Late Delivery,6510.03
2714,74841,281,2026-01-29,1,Damaged,1731.5
2715,74877,28,2024-07-29,1,Wrong Item,5996.76
2716,74879,267,2024-04-09,2,Customer Changed Mind,8688.95
2717,74880,195,2023-02-16,2,Damaged,6914.29
2718,74889,11,2024-06-28,1,Size Issue,3654.18
2719,74897,279,2026-04-20,1,Customer Changed Mind,6066.73
2720,74963,500,2024-06-03,2,Wrong Item,11773.87
2721,74985,413,2025-09-26,2,Late Delivery,11345.32
2722,75015,137,2023-03-28,2,Late Delivery,6898.16
2723,75016,336,2026-03-31,2,Customer Changed Mind,2717.14
2724,75050,190,2024-08-11,2,Wrong Item,7880.17
2725,75059,286,2024-02-16,1,Wrong Item,10098.28
2726,75060,80,2023-01-16,1,Customer Changed Mind,876.0
2727,75077,34,2023-07-23,2,Damaged,8372.82
2728,75130,437,2023-10-20,1,Customer Changed Mind,3446.38
2729,75144,9,2025-04-13,1,Customer Changed Mind,9394.44
2730,75168,249,2024-12-02,1,Damaged,11047.96
2731,75195,106,2023-05-23,1,Late Delivery,5871.07
2732,75306,211,2026-05-05,2,Size Issue,1152.0
2733,75314,358,2026-05-10,1,Size Issue,9021.57
2734,75366,110,2023-03-14,1,Wrong Item,8259.57
2735,75444,431,2025-04-11,1,Damaged,11202.28
2736,75491,368,2024-12-10,2,Late Delivery,1527.33
2737,75492,314,2024-06-15,2,Customer Changed Mind,11536.06
2738,75496,196,2026-04-16,2,Defective,9339.57
2739,75569,436,2024-07-04,2,Late Delivery,1565.72
2740,75611,396,2023-01-11,2,Customer Changed Mind,5422.08
2741,75632,114,2026-06-01,1,Customer Changed Mind,5785.77
2742,75643,332,2026-05-27,2,Defective,3889.21
2743,75674,44,2023-04-22,2,Defective,2081.98
2744,75678,199,2025-09-09,2,Late Delivery,549.76
2745,75717,4,2024-11-03,1,Defective,11673.52
2746,75748,21,2024-10-08,2,Wrong Item,10574.19
2747,75798,227,2023-12-03,2,Late Delivery,5524.67
2748,75810,1,2025-03-21,2,Wrong Item,9674.04
2749,75818,72,2026-05-13,1,Late Delivery,6541.54
2750,75836,321,2023-04-10,2,Defective,7600.51
2751,75872,56,2025-02-04,1,Customer Changed Mind,1294.13
2752,75882,396,2025-05-24,1,Customer Changed Mind,9906.22
2753,75904,175,2025-05-10,1,Size Issue,3900.02
2754,75939,438,2026-06-26,2,Customer Changed Mind,10056.17
2755,75978,445,2026-06-01,2,Customer Changed Mind,2936.18
2756,75993,167,2025-03-16,1,Size Issue,6045.42
2757,76002,263,2024-01-19,1,Defective,7309.27
2758,76074,415,2023-11-18,2,Defective,1449.05
2759,76075,433,2025-08-11,1,Damaged,11321.21
2760,76085,102,2024-12-21,2,Late Delivery,1550.36
2761,76093,327,2023-06-01,1,Defective,5660.89
2762,76156,425,2024-01-25,1,Size Issue,7631.06
2763,76179,269,2025-01-06,2,Late Delivery,2351.2
2764,76208,387,2026-03-27,1,Customer Changed Mind,5497.46
2765,76235,202,2024-08-27,1,Customer Changed Mind,8603.54
2766,76307,73,2026-01-07,1,Late Delivery,1003.44
2767,76315,346,2023-09-23,2,Late Delivery,2972.44
2768,76367,170,2024-06-11,1,Wrong Item,4442.21
2769,76368,344,2025-05-08,2,Size Issue,6672.89
2770,76374,344,2024-10-27,2,Defective,9354.34
2771,76428,77,2026-04-19,1,Defective,5028.36
2772,76434,488,2026-06-16,2,Damaged,628.07
2773,76447,219,2023-07-28,2,Size Issue,6799.75
2774,76456,231,2023-03-23,1,Damaged,6511.88
2775,76515,488,2024-11-24,1,Customer Changed Mind,11875.84
2776,76530,318,2026-03-02,1,Size Issue,3801.88
2777,76615,181,2024-05-07,1,Damaged,7095.44
2778,76664,161,2025-09-14,2,Size Issue,10086.02
2779,76710,324,2026-09-09,1,Size Issue,4771.46
2780,76715,499,2026-07-01,1,Wrong Item,1718.44
2781,76740,317,2024-07-20,2,Customer Changed Mind,6542.7
2782,76755,153,2024-08-11,2,Wrong Item,1780.48
2783,76797,172,2024-06-27,2,Defective,4494.0
2784,76924,208,2024-06-21,2,Late Delivery,2347.28
2785,76926,395,2023-07-19,2,Wrong Item,5675.35
2786,76944,302,2023-10-15,2,Wrong Item,3723.2
2787,76988,396,2026-08-10,2,Late Delivery,2028.26
2788,77068,400,2026-02-24,1,Wrong Item,787.52
2789,77121,213,2023-01-27,1,Size Issue,3039.07
2790,77122,384,2025-06-08,1,Damaged,11041.07
2791,77135,100,2026-06-11,1,Defective,3986.83
2792,77144,288,2026-06-05,2,Wrong Item,10874.51
2793,77193,297,2025-06-13,1,Defective,9152.39
2794,77262,322,2025-08-30,1,Customer Changed Mind,1190.5
2795,77279,354,2023-04-24,2,Defective,5325.09
2796,77286,280,2025-11-14,1,Damaged,2856.29
2797,77303,99,2024-12-06,2,Late Delivery,1110.04
2798,77316,433,2025-09-25,2,Wrong Item,3847.83
2799,77361,326,2023-04-11,2,Size Issue,11832.31
2800,77412,97,2025-02-18,2,Customer Changed Mind,11125.13
2801,77437,411,2024-06-28,1,Damaged,3999.03
2802,77493,312,2026-07-29,2,Late Delivery,614.7
2803,77511,140,2024-09-21,1,Size Issue,2689.48
2804,77587,113,2025-01-23,2,Late Delivery,2859.86
2805,77595,100,2025-06-25,2,Late Delivery,11400.08
2806,77628,462,2024-10-26,2,Wrong Item,8964.35
2807,77660,168,2023-08-31,1,Defective,2640.26
2808,77750,272,2024-10-03,1,Wrong Item,3605.39
2809,77802,201,2024-06-06,1,Wrong Item,7486.37
2810,77839,346,2025-07-25,1,Size Issue,11981.58
2811,77858,73,2023-11-14,1,Late Delivery,4133.04
2812,77882,323,2026-05-03,2,Customer Changed Mind,1713.59
2813,77883,245,2026-04-04,2,Wrong Item,3893.3
2814,77903,191,2026-03-18,1,Late Delivery,11341.36
2815,77910,212,2023-12-23,1,Late Delivery,11248.18
2816,77924,160,2025-11-07,2,Wrong Item,8974.1
2817,77937,228,2023-02-28,1,Wrong Item,10764.61
2818,77939,389,2024-04-20,1,Wrong Item,3157.21
2819,77974,2,2024-12-12,1,Defective,6696.18
2820,78002,132,2025-06-27,2,Customer Changed Mind,3418.97
2821,78006,395,2026-02-06,1,Size Issue,7610.31
2822,78027,362,2025-07-24,2,Size Issue,6687.75
2823,78044,288,2023-06-29,1,Late Delivery,6155.0
2824,78046,262,2023-06-26,1,Customer Changed Mind,10318.83
2825,78068,247,2023-06-27,1,Wrong Item,5305.42
2826,78114,214,2024-08-16,2,Customer Changed Mind,1387.2
2827,78120,407,2023-01-16,2,Size Issue,10220.8
2828,78122,483,2026-01-08,2,Late Delivery,5141.33
2829,78190,34,2025-10-03,1,Defective,3216.32
2830,78226,348,2025-01-18,1,Customer Changed Mind,3985.5
2831,78239,324,2024-10-26,2,Customer Changed Mind,5897.48
2832,78248,367,2025-08-16,1,Wrong Item,3191.16
2833,78258,108,2025-06-02,1,Wrong Item,6302.38
2834,78273,479,2025-02-02,2,Wrong Item,2192.2
2835,78278,489,2024-10-01,2,Size Issue,7195.59
2836,78280,207,2024-09-22,2,Size Issue,3030.94
2837,78330,486,2024-01-22,2,Damaged,7158.36
2838,78370,166,2023-06-21,2,Customer Changed Mind,7268.18
2839,78392,497,2024-09-26,2,Damaged,3680.4
2840,78398,441,2024-10-15,2,Wrong Item,8223.85
2841,78439,118,2023-06-10,2,Damaged,6780.0
2842,78476,83,2026-03-07,1,Wrong Item,5432.37
2843,78569,153,2026-01-01,1,Defective,5167.28
2844,78570,412,2024-05-15,1,Late Delivery,10767.18
2845,78580,99,2024-04-10,1,Size Issue,4113.17
2846,78628,219,2024-11-03,1,Late Delivery,5469.12
2847,78689,310,2026-08-25,1,Size Issue,1512.91
2848,78690,45,2026-05-31,2,Defective,10001.81
2849,78741,112,2023-04-07,2,Size Issue,5449.17
2850,78749,6,2023-09-16,1,Size Issue,3707.63
2851,78858,338,2026-07-04,1,Customer Changed Mind,9763.37
2852,78891,399,2026-03-22,1,Wrong Item,4447.33
2853,78901,86,2025-10-20,1,Customer Changed Mind,506.53
2854,78902,34,2025-02-27,1,Defective,6921.14
2855,78904,85,2025-12-25,2,Defective,7085.5
2856,78912,325,2025-03-31,2,Size Issue,9312.64
2857,78933,289,2023-10-15,2,Customer Changed Mind,2936.63
2858,78987,246,2026-08-10,2,Late Delivery,3678.76
2859,79069,184,2023-06-16,2,Late Delivery,6273.23
2860,79082,164,2024-02-15,1,Defective,6392.95
2861,79084,413,2025-02-14,2,Damaged,4734.89
2862,79091,331,2026-01-27,2,Damaged,8974.13
2863,79110,395,2023-04-05,2,Customer Changed Mind,360.91
2864,79150,310,2025-01-05,1,Late Delivery,5929.63
2865,79151,174,2025-11-20,1,Damaged,10382.19
2866,79152,112,2024-08-21,2,Late Delivery,1746.62
2867,79172,172,2025-11-13,1,Wrong Item,3771.76
2868,79175,466,2023-02-18,1,Size Issue,4986.01
2869,79283,164,2025-01-13,1,Defective,1035.38
2870,79300,286,2024-07-29,1,Defective,3028.03
2871,79313,14,2024-05-31,1,Customer Changed Mind,9140.68
2872,79374,256,2023-04-07,1,Wrong Item,7397.75
2873,79404,222,2026-02-14,1,Size Issue,11672.43
2874,79453,370,2024-06-29,1,Late Delivery,2742.09
2875,79481,331,2023-04-02,2,Customer Changed Mind,11486.72
2876,79492,459,2023-12-30,1,Defective,7163.91
2877,79500,295,2024-07-19,2,Customer Changed Mind,6920.17
2878,79520,16,2026-01-24,2,Late Delivery,5271.3
2879,79525,492,2024-07-12,1,Defective,3663.24
2880,79547,101,2025-11-10,1,Defective,9788.08
2881,79553,457,2026-02-13,2,Defective,755.61
2882,79621,416,2026-05-02,2,Defective,10266.58
2883,79709,62,2024-02-10,2,Damaged,2442.83
2884,79714,245,2024-12-18,2,Damaged,599.9
2885,79769,259,2024-07-06,1,Defective,3530.86
2886,79787,414,2026-07-04,1,Customer Changed Mind,6475.3
2887,79881,489,2023-07-24,2,Size Issue,5986.92
2888,79884,60,2023-12-21,2,Size Issue,9903.63
2889,79942,362,2023-09-27,2,Wrong Item,6312.3
2890,79966,425,2025-02-19,2,Wrong Item,9528.37
2891,79987,22,2026-03-27,2,Customer Changed Mind,11328.42
2892,80026,215,2024-10-13,2,Customer Changed Mind,9058.35
2893,80057,450,2026-01-16,1,Size Issue,6053.3
2894,80065,207,2024-04-29,2,Defective,7762.7
2895,80078,291,2024-10-06,1,Damaged,6269.09
2896,80081,312,2024-01-24,1,Customer Changed Mind,1345.29
2897,80085,185,2025-11-28,1,Customer Changed Mind,2481.7
2898,80096,306,2025-10-28,2,Damaged,2210.81
2899,80107,378,2023-12-03,1,Wrong Item,9426.44
2900,80115,399,2025-05-30,2,Late Delivery,11189.25
2901,80294,426,2024-05-02,1,Damaged,10125.17
2902,80333,247,2024-08-26,2,Damaged,2594.29
2903,80451,173,2023-07-24,1,Size Issue,5669.91
2904,80527,451,2025-05-03,1,Late Delivery,11385.79
2905,80555,24,2023-10-06,2,Defective,1935.69
2906,80620,168,2025-06-24,1,Wrong Item,7831.8
2907,80621,69,2026-05-06,2,Damaged,2318.9
2908,80679,105,2025-08-20,1,Defective,11933.91
2909,80702,156,2025-03-23,2,Damaged,9341.68
2910,80733,268,2026-06-19,1,Customer Changed Mind,4040.73
2911,80783,370,2023-11-03,2,Wrong Item,5262.14
2912,80798,435,2023-05-06,2,Customer Changed Mind,9918.23
2913,80815,26,2025-09-11,1,Wrong Item,7758.44
2914,80913,448,2026-05-25,1,Customer Changed Mind,2153.36
2915,80950,445,2023-11-21,2,Defective,2519.43
2916,80951,236,2024-12-30,1,Damaged,1226.22
2917,80967,42,2025-08-13,1,Defective,11565.84
2918,81026,469,2023-05-11,1,Damaged,1383.84
2919,81027,167,2025-10-11,1,Wrong Item,6980.09
2920,81050,179,2024-07-24,1,Late Delivery,6854.18
2921,81064,116,2023-12-29,1,Size Issue,575.59
2922,81105,462,2026-02-08,1,Size Issue,8193.48
2923,81230,126,2026-03-28,1,Wrong Item,8963.7
2924,81239,413,2023-07-17,1,Damaged,6300.75
2925,81264,218,2025-10-16,2,Defective,858.12
2926,81290,35,2023-09-25,2,Defective,5000.09
2927,81354,199,2025-08-28,2,Defective,683.77
2928,81366,77,2023-05-27,2,Wrong Item,9004.1
2929,81394,4,2026-04-27,2,Damaged,7177.43
2930,81399,270,2025-11-13,2,Wrong Item,8757.86
2931,81445,220,2025-09-25,1,Size Issue,9686.79
2932,81446,50,2023-12-01,2,Late Delivery,5902.34
2933,81449,100,2025-05-04,1,Late Delivery,10647.34
2934,81453,135,2025-12-14,1,Wrong Item,2581.58
2935,81500,453,2025-07-27,1,Customer Changed Mind,7303.39
2936,81503,169,2024-07-15,1,Late Delivery,3740.75
2937,81533,59,2024-03-18,1,Customer Changed Mind,4387.77
2938,81543,129,2023-06-01,2,Damaged,2472.41
2939,81600,274,2024-04-10,2,Late Delivery,1845.6
2940,81642,267,2023-11-04,1,Damaged,3467.09
2941,81725,104,2024-01-03,1,Damaged,3284.64
2942,81734,380,2024-09-17,1,Late Delivery,3938.73
2943,81759,226,2026-08-24,1,Damaged,1138.88
2944,81782,197,2026-05-14,2,Size Issue,1787.3
2945,81813,153,2023-02-08,2,Wrong Item,2817.12
2946,81817,201,2025-01-07,2,Damaged,4051.3
2947,81819,495,2024-05-03,2,Defective,6006.34
2948,81827,37,2024-01-19,1,Size Issue,4464.5
2949,81840,340,2024-03-24,2,Late Delivery,8261.63
2950,81867,471,2024-01-05,2,Late Delivery,3039.1
2951,81872,283,2026-07-08,1,Size Issue,7630.78
2952,81878,481,2024-07-06,1,Size Issue,3783.12
2953,81952,52,2024-07-26,2,Size Issue,11959.01
2954,81974,332,2024-11-07,1,Wrong Item,5765.13
2955,82033,4,2026-03-27,2,Damaged,10312.91
2956,82065,426,2023-11-06,2,Size Issue,2628.52
2957,82082,499,2026-01-19,1,Late Delivery,3138.02
2958,82085,33,2025-11-29,2,Late Delivery,10716.65
2959,82136,269,2025-08-27,2,Size Issue,4742.81
2960,82208,275,2025-10-09,2,Customer Changed Mind,553.93
2961,82259,27,2025-07-07,2,Damaged,6157.61
2962,82335,328,2025-08-30,1,Size Issue,7920.21
2963,82349,39,2026-02-07,2,Size Issue,5347.41
2964,82370,263,2024-01-13,1,Wrong Item,4283.71
2965,82412,321,2024-08-18,2,Wrong Item,9798.18
2966,82429,177,2025-11-03,2,Wrong Item,858.2
2967,82469,292,2023-03-15,2,Wrong Item,3917.74
2968,82497,216,2025-04-22,1,Damaged,7123.01
2969,82511,86,2024-08-14,1,Damaged,8407.15
2970,82519,245,2023-10-16,1,Late Delivery,10826.22
2971,82540,185,2024-03-29,1,Wrong Item,4468.07
2972,82547,86,2024-04-14,2,Defective,3903.15
2973,82612,51,2023-04-14,2,Customer Changed Mind,765.23
2974,82618,353,2025-04-21,2,Wrong Item,4935.16
2975,82638,455,2023-08-23,1,Defective,10708.4
2976,82650,225,2025-12-05,1,Wrong Item,4265.45
2977,82659,120,2024-06-03,2,Wrong Item,1623.8
2978,82660,19,2024-05-07,1,Customer Changed Mind,1098.68
2979,82673,281,2023-06-20,1,Damaged,8552.42
2980,82708,394,2026-01-15,1,Size Issue,4871.24
2981,82761,23,2023-09-25,1,Late Delivery,9562.09
2982,82812,413,2024-07-28,1,Size Issue,2375.14
2983,82839,270,2025-07-06,2,Wrong Item,3071.31
2984,82861,344,2024-02-29,2,Defective,11190.22
2985,82889,246,2023-03-14,2,Wrong Item,9964.07
2986,82898,381,2023-10-02,1,Defective,8373.82
2987,82916,445,2024-10-30,1,Wrong Item,5727.39
2988,82958,92,2024-04-16,1,Wrong Item,10754.13
2989,83026,141,2023-06-04,2,Damaged,409.05
2990,83032,179,2024-05-01,1,Wrong Item,5827.09
2991,83037,57,2023-08-06,2,Customer Changed Mind,7357.79
2992,83073,226,2025-06-16,1,Size Issue,2298.34
2993,83105,383,2023-03-10,2,Late Delivery,4401.34
2994,83152,306,2024-10-23,1,Customer Changed Mind,2337.95
2995,83182,148,2025-10-25,2,Size Issue,1549.3
2996,83184,378,2024-12-21,2,Wrong Item,5457.54
2997,83214,73,2025-05-12,1,Late Delivery,8616.93
2998,83225,442,2023-07-18,2,Defective,6947.87
2999,83227,57,2025-04-24,1,Damaged,6099.74
3000,83263,359,2025-06-08,2,Damaged,1578.33
3001,83264,11,2023-08-07,1,Damaged,678.72
3002,83266,426,2025-11-15,1,Wrong Item,1992.83
3003,83283,270,2023-11-17,1,Size Issue,8226.83
3004,83325,478,2026-06-26,2,Damaged,988.42
3005,83332,155,2023-01-30,2,Damaged,5900.67
3006,83333,489,2023-09-13,2,Customer Changed Mind,10539.94
3007,83400,165,2024-12-19,1,Size Issue,380.93
3008,83444,414,2024-05-02,2,Late Delivery,4675.24
3009,83482,409,2025-01-15,2,Late Delivery,702.54
3010,83500,479,2026-06-30,2,Wrong Item,4848.39
3011,83507,69,2024-01-05,2,Customer Changed Mind,2897.29
3012,83549,477,2023-09-09,1,Damaged,3652.24
3013,83556,125,2024-10-25,2,Size Issue,5451.85
3014,83572,457,2023-05-20,1,Size Issue,10768.51
3015,83581,219,2024-01-16,2,Size Issue,10983.87
3016,83585,450,2024-06-21,2,Wrong Item,8176.24
3017,83588,32,2024-01-11,2,Defective,7659.34
3018,83595,48,2023-09-15,1,Customer Changed Mind,3143.14
3019,83637,94,2023-09-09,2,Damaged,4389.21
3020,83681,283,2024-01-15,1,Defective,5778.66
3021,83690,1,2025-01-03,2,Customer Changed Mind,9080.59
3022,83706,483,2025-08-09,2,Wrong Item,6641.82
3023,83718,359,2024-10-31,2,Damaged,5265.95
3024,83731,32,2026-08-03,1,Late Delivery,2723.56
3025,83751,386,2024-01-01,1,Defective,8790.78
3026,83817,395,2025-04-03,1,Size Issue,2552.11
3027,83917,78,2026-03-23,2,Defective,11331.56
3028,83934,156,2026-02-03,1,Wrong Item,3478.54
3029,83950,491,2026-06-26,1,Late Delivery,8760.64
3030,83972,16,2025-10-26,1,Customer Changed Mind,10635.69
3031,83973,219,2026-08-04,1,Damaged,8009.08
3032,83991,138,2023-05-06,2,Customer Changed Mind,7817.87
3033,83993,289,2023-05-31,1,Defective,2698.7
3034,84053,86,2026-01-18,2,Defective,5415.45
3035,84126,251,2025-05-09,1,Damaged,7118.44
3036,84130,14,2023-12-29,2,Wrong Item,4599.5
3037,84170,15,2025-04-18,1,Customer Changed Mind,10832.54
3038,84172,148,2023-12-16,2,Customer Changed Mind,9021.01
3039,84322,438,2025-03-19,2,Defective,10872.89
3040,84330,263,2024-01-26,2,Wrong Item,553.51
3041,84331,228,2025-10-29,2,Late Delivery,6885.01
3042,84349,155,2025-09-04,2,Late Delivery,11911.59
3043,84378,204,2024-05-19,1,Late Delivery,2701.05
3044,84451,109,2025-04-16,2,Damaged,2897.67
3045,84466,320,2025-01-27,2,Defective,6828.46
3046,84520,231,2025-03-07,2,Size Issue,7777.89
3047,84528,386,2025-04-11,2,Size Issue,9266.26
3048,84551,498,2024-04-17,1,Wrong Item,1535.61
3049,84616,252,2025-07-30,2,Size Issue,6720.87
3050,84632,12,2024-02-20,1,Late Delivery,8035.31
3051,84635,127,2024-08-23,1,Defective,2477.07
3052,84636,458,2024-07-09,1,Size Issue,6543.21
3053,84712,498,2026-01-05,2,Size Issue,9014.9
3054,84739,129,2024-04-07,2,Defective,8852.73
3055,84838,500,2025-06-21,2,Size Issue,4880.47
3056,84921,233,2024-09-11,2,Wrong Item,6481.52
3057,84939,284,2023-04-18,2,Customer Changed Mind,11874.15
3058,84957,392,2023-01-17,1,Customer Changed Mind,6942.64
3059,85014,81,2026-08-01,2,Wrong Item,10710.32
3060,85049,81,2023-07-24,1,Defective,941.23
3061,85054,173,2024-11-18,1,Defective,9010.65
3062,85122,420,2024-07-19,1,Wrong Item,1541.2
3063,85125,91,2024-03-08,2,Wrong Item,1040.9
3064,85165,406,2024-09-21,2,Late Delivery,7753.9
3065,85171,42,2024-03-06,1,Damaged,6765.34
3066,85172,102,2025-05-21,1,Late Delivery,10101.73
3067,85183,174,2025-07-22,1,Damaged,4568.54
3068,85185,133,2023-07-23,1,Size Issue,11960.5
3069,85195,488,2023-06-21,1,Late Delivery,11856.17
3070,85196,146,2025-12-29,1,Defective,9324.09
3071,85205,81,2024-10-06,1,Wrong Item,650.74
3072,85219,319,2025-02-14,1,Defective,3388.74
3073,85233,284,2025-08-14,1,Defective,7009.74
3074,85235,236,2024-03-04,1,Defective,2255.32
3075,85275,359,2025-01-14,2,Late Delivery,4571.59
3076,85300,436,2026-02-09,2,Late Delivery,4344.41
3077,85345,459,2025-08-19,2,Wrong Item,5336.56
3078,85356,152,2025-09-11,2,Damaged,389.96
3079,85370,98,2024-05-02,1,Customer Changed Mind,1387.38
3080,85391,160,2026-04-15,1,Damaged,9038.4
3081,85400,52,2024-04-13,2,Late Delivery,5497.6
3082,85412,407,2024-12-12,2,Size Issue,309.87
3083,85433,59,2024-01-25,2,Damaged,9706.93
3084,85435,402,2023-07-06,1,Size Issue,6114.51
3085,85450,70,2025-04-06,1,Damaged,750.8
3086,85458,370,2025-10-26,1,Size Issue,10550.75
3087,85470,355,2026-08-07,2,Customer Changed Mind,6717.67
3088,85473,439,2024-06-25,2,Defective,417.01
3089,85478,295,2025-11-29,1,Size Issue,1652.71
3090,85515,229,2024-03-13,2,Customer Changed Mind,8363.59
3091,85537,360,2025-12-24,1,Size Issue,372.43
3092,85570,6,2025-09-07,2,Damaged,3306.54
3093,85598,308,2026-06-10,2,Defective,10420.06
3094,85609,259,2026-03-10,1,Late Delivery,1475.43
3095,85624,172,2026-01-19,1,Size Issue,8836.31
3096,85640,499,2025-11-19,2,Customer Changed Mind,4495.14
3097,85683,442,2023-02-02,1,Customer Changed Mind,7658.3
3098,85704,190,2023-07-05,1,Customer Changed Mind,10071.99
3099,85742,73,2026-08-25,2,Size Issue,8630.13
3100,85753,245,2025-11-05,2,Defective,5082.52
3101,85755,141,2024-07-06,1,Wrong Item,9853.72
3102,85765,92,2024-03-29,2,Defective,2085.53
3103,85783,161,2024-04-13,2,Wrong Item,3842.32
3104,86001,187,2026-05-23,2,Size Issue,6346.82
3105,86025,71,2024-04-18,1,Defective,1267.74
3106,86095,41,2024-02-02,1,Late Delivery,1726.3
3107,86101,450,2025-01-27,1,Size Issue,9413.16
3108,86133,454,2025-12-13,2,Damaged,3268.16
3109,86179,22,2025-12-19,1,Wrong Item,3207.62
3110,86208,404,2023-04-01,2,Late Delivery,793.24
3111,86219,376,2025-10-12,2,Size Issue,1108.09
3112,86229,94,2024-10-12,1,Customer Changed Mind,5928.86
3113,86243,36,2026-06-30,2,Late Delivery,10351.06
3114,86260,182,2025-05-10,1,Defective,11294.27
3115,86282,373,2023-05-01,1,Wrong Item,2965.14
3116,86429,212,2025-01-24,2,Late Delivery,9800.65
3117,86451,358,2023-03-10,2,Damaged,2810.89
3118,86469,260,2026-02-11,1,Customer Changed Mind,4344.65
3119,86478,304,2025-05-23,1,Wrong Item,10442.94
3120,86505,153,2025-07-20,2,Late Delivery,2171.87
3121,86517,411,2025-11-25,1,Defective,6326.28
3122,86573,443,2026-02-11,1,Wrong Item,9618.79
3123,86646,490,2024-04-12,1,Late Delivery,6152.34
3124,86658,44,2023-10-29,1,Wrong Item,9595.65
3125,86660,81,2025-01-25,2,Wrong Item,4919.29
3126,86662,311,2023-06-17,2,Damaged,2429.01
3127,86693,292,2025-03-26,1,Customer Changed Mind,11829.86
3128,86717,419,2025-01-05,2,Defective,9467.66
3129,86755,401,2024-10-07,1,Defective,10578.33
3130,86759,442,2025-11-21,1,Defective,968.11
3131,86882,275,2025-09-30,1,Damaged,3482.83
3132,86909,408,2023-12-20,1,Late Delivery,11330.44
3133,87014,340,2024-09-06,2,Late Delivery,5664.04
3134,87031,494,2023-09-26,2,Size Issue,8440.79
3135,87158,148,2023-03-31,2,Wrong Item,10299.61
3136,87179,298,2024-12-21,2,Late Delivery,7028.97
3137,87212,207,2023-12-24,1,Late Delivery,7041.78
3138,87221,37,2024-03-10,2,Customer Changed Mind,7066.67
3139,87255,429,2024-06-25,1,Defective,2078.1
3140,87269,358,2024-12-14,2,Late Delivery,830.25
3141,87296,423,2023-06-09,2,Late Delivery,5193.7
3142,87313,441,2025-12-17,2,Size Issue,8789.27
3143,87341,3,2025-02-14,1,Customer Changed Mind,6839.68
3144,87353,304,2025-11-09,1,Size Issue,1815.77
3145,87376,261,2024-09-24,2,Customer Changed Mind,9799.86
3146,87440,367,2025-03-24,1,Customer Changed Mind,2057.85
3147,87506,72,2024-08-08,1,Customer Changed Mind,11070.89
3148,87531,13,2026-05-24,1,Damaged,3580.54
3149,87577,302,2025-01-13,2,Wrong Item,11908.85
3150,87710,201,2025-04-16,2,Defective,2429.04
3151,87734,107,2026-06-09,2,Wrong Item,10554.3
3152,87772,314,2023-10-05,2,Customer Changed Mind,1779.59
3153,87824,221,2025-12-28,2,Wrong Item,11437.8
3154,87874,131,2026-01-10,2,Late Delivery,2475.84
3155,87906,468,2024-04-03,1,Customer Changed Mind,619.55
3156,87910,310,2024-07-16,2,Size Issue,1018.97
3157,87926,148,2023-11-20,2,Damaged,5699.7
3158,87934,344,2024-01-23,1,Wrong Item,8373.37
3159,88000,479,2023-12-11,1,Size Issue,6026.29
3160,88001,414,2023-09-08,1,Late Delivery,8398.21
3161,88013,497,2024-04-06,1,Size Issue,7736.26
3162,88040,447,2025-12-06,2,Customer Changed Mind,5604.78
3163,88072,397,2026-06-22,1,Size Issue,4411.91
3164,88096,260,2023-11-13,2,Damaged,8362.47
3165,88100,467,2025-06-13,2,Wrong Item,2450.09
3166,88135,499,2024-10-06,1,Wrong Item,2386.16
3167,88250,101,2024-01-01,2,Defective,9616.11
3168,88282,134,2025-07-01,1,Wrong Item,7227.37
3169,88324,44,2023-08-03,1,Defective,7341.88
3170,88326,97,2024-10-21,2,Defective,7962.18
3171,88342,145,2024-09-25,1,Defective,648.58
3172,88361,180,2024-06-08,1,Customer Changed Mind,3642.58
3173,88383,396,2024-07-01,1,Damaged,9184.72
3174,88418,493,2024-11-27,2,Wrong Item,3231.53
3175,88579,72,2023-10-02,1,Late Delivery,10627.92
3176,88651,12,2026-05-30,1,Late Delivery,3160.64
3177,88666,396,2025-03-12,1,Damaged,9195.37
3178,88668,146,2024-04-15,2,Late Delivery,8376.73
3179,88692,24,2026-07-16,1,Late Delivery,8012.72
3180,88714,481,2024-01-19,1,Size Issue,2003.37
3181,88777,89,2024-10-12,2,Defective,3949.46
3182,88786,171,2026-03-10,2,Size Issue,10627.79
3183,88787,8,2023-07-09,1,Defective,4892.95
3184,88812,157,2023-03-05,1,Late Delivery,1917.11
3185,88814,357,2026-08-05,1,Size Issue,10777.7
3186,88837,103,2023-02-25,1,Defective,1429.68
3187,88856,193,2024-06-19,1,Size Issue,8065.1
3188,88914,270,2024-02-01,1,Size Issue,839.11
3189,88947,169,2024-03-12,2,Late Delivery,7745.55
3190,88955,474,2026-01-07,2,Defective,9417.4
3191,88976,152,2026-02-22,2,Size Issue,10304.74
3192,89012,346,2024-12-09,2,Size Issue,10323.31
3193,89030,170,2023-02-23,2,Defective,6521.91
3194,89047,478,2024-06-23,1,Wrong Item,944.12
3195,89064,31,2023-03-15,1,Customer Changed Mind,3225.59
3196,89121,196,2024-11-19,2,Size Issue,4733.42
3197,89124,171,2024-04-21,2,Late Delivery,11763.1
3198,89139,252,2024-02-01,1,Customer Changed Mind,8350.96
3199,89163,222,2024-01-10,2,Size Issue,2821.18
3200,89165,409,2026-02-27,1,Late Delivery,10611.99
3201,89178,341,2025-07-20,1,Defective,11354.66
3202,89198,111,2023-12-04,2,Late Delivery,5319.12
3203,89227,337,2025-12-29,1,Late Delivery,7450.89
3204,89234,394,2025-03-04,2,Late Delivery,2975.29
3205,89340,301,2026-07-13,1,Late Delivery,3836.43
3206,89341,453,2024-02-11,1,Customer Changed Mind,8529.92
3207,89345,305,2023-07-03,2,Size Issue,10725.56
3208,89413,62,2024-05-07,2,Wrong Item,1722.99
3209,89438,24,2025-07-26,1,Defective,1195.93
3210,89440,443,2023-09-08,2,Damaged,7893.86
3211,89449,192,2023-11-01,1,Size Issue,4929.33
3212,89456,279,2026-08-24,2,Wrong Item,7887.94
3213,89464,42,2024-08-06,1,Late Delivery,6995.61
3214,89504,314,2024-01-12,2,Damaged,6745.48
3215,89505,353,2024-03-10,1,Customer Changed Mind,8990.39
3216,89517,200,2026-02-14,2,Customer Changed Mind,11531.45
3217,89530,369,2023-11-16,2,Customer Changed Mind,5966.05
3218,89532,468,2023-03-11,1,Defective,3715.46
3219,89613,81,2024-03-10,1,Size Issue,630.18
3220,89643,193,2023-07-31,1,Damaged,9899.22
3221,89687,377,2023-12-18,1,Size Issue,989.1
3222,89706,425,2025-12-28,2,Defective,413.16
3223,89758,409,2024-06-27,1,Late Delivery,8064.35
3224,89806,325,2023-06-19,1,Size Issue,4686.84
3225,89813,490,2023-11-13,2,Size Issue,3242.3
3226,89829,342,2024-11-22,1,Damaged,7972.92
3227,89840,358,2024-09-05,1,Damaged,10992.44
3228,89902,335,2025-01-08,1,Defective,5019.66
3229,89914,105,2023-03-22,1,Customer Changed Mind,3492.24
3230,90013,99,2026-07-13,2,Damaged,982.07
3231,90050,250,2023-10-21,1,Customer Changed Mind,445.75
3232,90052,53,2024-12-17,1,Late Delivery,415.72
3233,90061,181,2025-06-25,2,Size Issue,3257.35
3234,90065,4,2023-07-03,2,Customer Changed Mind,5128.31
3235,90081,226,2026-06-08,1,Wrong Item,9909.75
3236,90097,137,2024-06-25,1,Customer Changed Mind,1751.91
3237,90126,96,2025-06-18,2,Defective,354.9
3238,90138,372,2023-02-01,2,Damaged,4765.58
3239,90182,399,2025-12-10,1,Damaged,10742.26
3240,90184,417,2026-03-21,2,Customer Changed Mind,883.31
3241,90199,225,2023-10-15,1,Customer Changed Mind,6592.41
3242,90202,166,2026-08-22,1,Customer Changed Mind,6580.86
3243,90242,9,2023-02-26,1,Late Delivery,2594.48
3244,90311,129,2026-08-10,2,Size Issue,3239.0
3245,90317,144,2023-06-10,1,Customer Changed Mind,9034.2
3246,90394,295,2025-03-30,1,Defective,8040.89
3247,90421,409,2025-07-02,1,Wrong Item,4365.77
3248,90422,110,2023-06-16,1,Size Issue,7937.09
3249,90439,316,2026-01-05,2,Damaged,10703.42
3250,90451,209,2026-07-02,2,Defective,9821.81
3251,90490,279,2024-06-11,1,Defective,4096.68
3252,90502,298,2024-03-13,1,Size Issue,9483.0
3253,90514,67,2026-06-03,1,Size Issue,2779.36
3254,90537,90,2023-02-07,1,Size Issue,820.88
3255,90545,288,2026-06-20,2,Damaged,7967.99
3256,90563,458,2026-08-14,1,Damaged,11787.86
3257,90611,199,2024-05-19,2,Late Delivery,2994.68
3258,90695,424,2025-01-04,2,Late Delivery,8930.65
3259,90717,269,2026-03-31,1,Customer Changed Mind,4799.03
3260,90769,92,2026-05-25,1,Defective,3358.8
3261,90792,314,2024-07-22,1,Size Issue,10019.24
3262,90805,359,2024-09-29,2,Customer Changed Mind,8998.71
3263,90884,477,2024-09-28,2,Size Issue,858.4
3264,90906,284,2024-09-13,2,Defective,406.9
3265,90969,106,2025-08-30,1,Customer Changed Mind,10685.11
3266,91013,407,2025-06-20,2,Damaged,6975.64
3267,91016,336,2025-10-26,1,Wrong Item,1087.68
3268,91030,282,2023-08-30,2,Customer Changed Mind,6693.32
3269,91045,214,2025-01-05,2,Late Delivery,3281.22
3270,91088,170,2026-06-26,1,Wrong Item,11549.27
3271,91105,269,2024-09-01,2,Late Delivery,2282.65
3272,91110,455,2024-01-26,2,Customer Changed Mind,2851.19
3273,91133,225,2024-10-05,1,Customer Changed Mind,877.33
3274,91169,496,2026-05-04,1,Size Issue,10692.14
3275,91221,132,2026-04-21,2,Defective,10841.61
3276,91257,251,2025-12-21,2,Customer Changed Mind,465.0
3277,91265,60,2024-01-30,1,Defective,5093.08
3278,91283,424,2026-07-13,1,Size Issue,9981.94
3279,91294,466,2025-02-04,2,Damaged,1889.38
3280,91332,152,2026-03-21,2,Wrong Item,6147.9
3281,91361,248,2026-05-24,1,Wrong Item,10802.07
3282,91381,220,2023-05-18,2,Wrong Item,10772.95
3283,91390,231,2025-11-24,1,Customer Changed Mind,6673.41
3284,91429,186,2024-09-26,2,Customer Changed Mind,8572.3
3285,91430,238,2024-01-21,1,Late Delivery,8546.43
3286,91469,384,2024-08-29,1,Late Delivery,9835.61
3287,91484,375,2023-09-23,2,Defective,8138.21
3288,91493,5,2025-12-22,2,Damaged,5726.12
3289,91660,314,2026-04-30,2,Late Delivery,597.42
3290,91685,157,2026-04-27,1,Damaged,4149.57
3291,91702,42,2026-06-25,1,Customer Changed Mind,9605.65
3292,91709,171,2024-09-08,2,Wrong Item,7947.49
3293,91751,414,2025-07-07,1,Late Delivery,1555.45
3294,91764,363,2024-07-29,1,Damaged,3134.79
3295,91768,131,2024-03-18,1,Customer Changed Mind,11119.23
3296,91774,238,2023-11-05,1,Wrong Item,5450.15
3297,91797,396,2024-11-30,2,Size Issue,7994.91
3298,91823,336,2023-08-30,2,Defective,9427.48
3299,91841,339,2026-06-04,2,Customer Changed Mind,9093.41
3300,91851,180,2023-05-15,1,Defective,1758.78
3301,91893,482,2024-08-12,1,Wrong Item,7414.39
3302,91896,447,2024-11-05,1,Customer Changed Mind,11956.85
3303,91907,447,2023-02-22,2,Customer Changed Mind,8386.7
3304,91966,424,2025-04-12,2,Size Issue,4112.42
3305,92022,241,2024-04-26,1,Defective,9404.21
3306,92030,224,2026-08-04,1,Customer Changed Mind,10419.38
3307,92035,115,2024-10-06,1,Customer Changed Mind,7537.06
3308,92080,165,2024-12-29,1,Late Delivery,8180.27
3309,92081,445,2024-07-23,2,Size Issue,11752.71
3310,92113,56,2023-03-09,1,Wrong Item,2229.8
3311,92129,105,2025-09-14,2,Wrong Item,7426.43
3312,92168,464,2024-07-06,2,Defective,4117.67
3313,92185,134,2026-03-24,1,Defective,7945.87
3314,92213,54,2024-02-02,1,Defective,620.16
3315,92227,101,2024-11-11,1,Damaged,9640.54
3316,92238,89,2026-01-08,2,Customer Changed Mind,6808.34
3317,92242,156,2025-12-28,2,Damaged,8634.89
3318,92259,171,2026-05-26,1,Customer Changed Mind,10960.23
3319,92297,298,2026-07-18,1,Late Delivery,11791.07
3320,92314,54,2024-01-30,1,Wrong Item,8753.78
3321,92334,411,2023-06-27,2,Customer Changed Mind,597.29
3322,92335,79,2023-05-29,1,Customer Changed Mind,8999.01
3323,92408,2,2024-04-05,1,Damaged,1477.28
3324,92412,253,2023-09-22,2,Customer Changed Mind,4164.06
3325,92453,384,2026-07-19,1,Defective,10443.75
3326,92499,251,2025-05-12,2,Wrong Item,2617.79
3327,92522,183,2025-08-20,1,Damaged,9801.17
3328,92534,277,2024-12-29,1,Damaged,4310.51
3329,92542,76,2024-03-05,2,Size Issue,8903.31
3330,92655,135,2024-02-10,1,Size Issue,6317.15
3331,92677,363,2023-06-03,2,Customer Changed Mind,2227.97
3332,92712,444,2025-08-09,1,Defective,8412.12
3333,92732,3,2025-02-27,2,Damaged,7917.14
3334,92733,258,2023-07-23,2,Wrong Item,4842.98
3335,92752,342,2024-11-19,2,Size Issue,3973.82
3336,92763,105,2023-08-15,1,Late Delivery,996.51
3337,92786,218,2023-08-03,1,Size Issue,1072.27
3338,92827,442,2024-10-08,2,Customer Changed Mind,5389.59
3339,92864,139,2024-04-30,2,Defective,8156.65
3340,92882,407,2026-05-27,1,Wrong Item,3767.07
3341,92887,158,2023-08-18,2,Customer Changed Mind,383.71
3342,92951,481,2025-12-21,2,Customer Changed Mind,5248.44
3343,92958,107,2023-08-07,1,Wrong Item,3836.16
3344,93046,288,2023-11-21,1,Customer Changed Mind,6388.82
3345,93096,153,2026-04-03,2,Late Delivery,8581.94
3346,93157,234,2025-08-06,1,Wrong Item,4408.42
3347,93190,348,2025-05-20,1,Defective,2495.97
3348,93191,368,2023-09-08,2,Damaged,3851.77
3349,93195,240,2025-06-12,2,Customer Changed Mind,10187.94
3350,93370,57,2025-12-14,1,Customer Changed Mind,10143.02
3351,93441,51,2026-07-23,2,Wrong Item,6993.7
3352,93445,203,2024-12-24,1,Damaged,5320.47
3353,93478,184,2026-01-17,2,Size Issue,2973.36
3354,93489,244,2024-03-18,1,Damaged,3430.01
3355,93503,109,2025-10-25,1,Wrong Item,7727.69
3356,93513,399,2023-08-21,1,Late Delivery,7465.89
3357,93532,318,2024-07-12,1,Late Delivery,9010.36
3358,93538,480,2025-10-05,2,Late Delivery,837.93
3359,93544,469,2025-09-22,2,Late Delivery,10499.76
3360,93575,447,2024-05-27,2,Wrong Item,10917.49
3361,93667,261,2023-02-06,1,Size Issue,7748.98
3362,93676,399,2023-05-26,1,Size Issue,8414.18
3363,93706,129,2026-04-20,2,Late Delivery,2772.62
3364,93712,68,2023-06-30,2,Customer Changed Mind,11152.98
3365,93765,336,2026-03-09,1,Size Issue,11846.78
3366,93830,438,2026-06-04,1,Late Delivery,7796.48
3367,93846,190,2025-01-14,1,Damaged,2883.74
3368,93850,71,2025-11-24,1,Late Delivery,528.72
3369,93875,342,2023-04-26,1,Wrong Item,11874.29
3370,93878,50,2023-11-18,2,Late Delivery,9705.53
3371,93906,334,2024-11-17,1,Late Delivery,10570.92
3372,93937,379,2025-05-05,1,Wrong Item,9022.67
3373,93945,164,2024-10-13,1,Defective,11841.88
3374,93947,148,2024-03-14,2,Late Delivery,11030.17
3375,93961,391,2024-12-13,2,Defective,2367.64
3376,94030,43,2023-12-20,1,Wrong Item,3649.12
3377,94054,443,2024-11-09,1,Late Delivery,4001.7
3378,94069,318,2026-08-20,1,Customer Changed Mind,5997.5
3379,94167,359,2023-11-05,1,Customer Changed Mind,10006.25
3380,94176,17,2025-11-11,2,Customer Changed Mind,11794.65
3381,94205,77,2023-11-22,1,Customer Changed Mind,1917.39
3382,94219,309,2025-06-17,2,Wrong Item,2121.25
3383,94243,230,2024-02-01,1,Damaged,10518.14
3384,94266,407,2025-07-23,1,Late Delivery,8009.74
3385,94337,73,2023-07-20,1,Damaged,1231.03
3386,94358,215,2025-12-04,2,Defective,8233.69
3387,94408,48,2024-06-01,1,Customer Changed Mind,2686.22
3388,94450,449,2023-05-06,1,Wrong Item,5249.41
3389,94471,36,2024-06-17,2,Size Issue,8892.47
3390,94503,391,2024-02-19,1,Size Issue,1203.94
3391,94509,40,2025-12-07,1,Late Delivery,8837.21
3392,94532,110,2023-11-09,2,Wrong Item,7776.0
3393,94545,343,2026-03-19,2,Size Issue,2916.84
3394,94599,402,2026-03-21,2,Defective,5086.36
3395,94628,276,2026-05-23,2,Defective,5193.92
3396,94650,203,2024-05-24,2,Size Issue,3772.07
3397,94658,244,2025-08-23,2,Defective,8533.49
3398,94684,452,2023-05-06,1,Wrong Item,11388.76
3399,94722,388,2023-07-06,2,Late Delivery,4897.01
3400,94725,224,2026-05-04,1,Defective,9156.4
3401,94753,345,2025-06-08,2,Defective,10842.44
3402,94776,414,2023-09-18,2,Late Delivery,7730.24
3403,94788,166,2023-05-11,2,Customer Changed Mind,2258.18
3404,94807,159,2026-08-03,1,Late Delivery,8654.02
3405,94835,202,2024-12-16,2,Damaged,4044.43
3406,94900,235,2023-06-29,1,Customer Changed Mind,6294.55
3407,94931,353,2023-12-02,1,Customer Changed Mind,5874.08
3408,94969,401,2025-11-02,2,Damaged,6936.74
3409,94997,228,2026-04-25,1,Wrong Item,1294.43
3410,95050,10,2023-08-11,2,Wrong Item,8732.48
3411,95052,231,2024-12-22,2,Defective,8983.19
3412,95075,186,2023-12-01,2,Customer Changed Mind,5621.11
3413,95103,6,2023-07-07,2,Damaged,3764.85
3414,95105,379,2023-06-18,1,Defective,3753.93
3415,95117,112,2024-02-06,1,Customer Changed Mind,6749.42
3416,95119,302,2024-02-15,1,Size Issue,6997.29
3417,95132,412,2025-02-06,2,Damaged,519.37
3418,95243,335,2025-04-06,2,Damaged,6495.76
3419,95259,363,2025-10-02,2,Defective,2084.53
3420,95266,243,2024-12-29,1,Size Issue,11356.05
3421,95333,447,2024-01-18,2,Size Issue,8914.34
3422,95360,365,2023-10-14,2,Defective,5422.75
3423,95421,365,2025-01-18,2,Damaged,862.69
3424,95451,138,2026-04-29,1,Wrong Item,2052.74
3425,95481,422,2024-12-04,2,Defective,6496.07
3426,95577,45,2023-10-16,1,Wrong Item,9219.44
3427,95588,247,2023-03-23,1,Size Issue,6009.62
3428,95611,348,2026-02-13,2,Wrong Item,1700.41
3429,95618,217,2025-04-02,1,Size Issue,6092.19
3430,95706,466,2023-06-09,2,Customer Changed Mind,1356.5
3431,95764,411,2025-02-24,2,Late Delivery,4562.13
3432,95773,495,2024-06-04,1,Damaged,6595.37
3433,95790,7,2025-01-13,1,Late Delivery,4867.79
3434,95805,477,2024-06-01,1,Customer Changed Mind,3793.77
3435,95811,90,2023-02-20,1,Defective,875.64
3436,95846,13,2024-04-07,2,Damaged,4570.77
3437,95854,272,2024-07-19,2,Damaged,9105.38
3438,95872,38,2023-10-24,2,Customer Changed Mind,7942.77
3439,95967,53,2023-06-14,1,Size Issue,9948.63
3440,95972,43,2025-01-12,1,Size Issue,9734.04
3441,95996,240,2025-06-08,1,Defective,2299.83
3442,95997,77,2023-03-02,1,Late Delivery,9357.03
3443,96022,472,2024-06-29,2,Damaged,9207.86
3444,96045,424,2024-04-16,1,Customer Changed Mind,8082.51
3445,96178,388,2023-03-25,2,Damaged,1679.72
3446,96193,137,2023-06-24,2,Defective,7427.81
3447,96203,466,2026-04-06,2,Late Delivery,7612.28
3448,96244,66,2025-08-24,1,Customer Changed Mind,11105.3
3449,96247,472,2025-12-23,1,Damaged,3158.04
3450,96291,481,2025-10-19,1,Customer Changed Mind,2694.17
3451,96320,487,2024-11-15,1,Customer Changed Mind,8748.47
3452,96336,237,2024-09-06,2,Defective,10852.66
3453,96349,236,2023-06-01,2,Defective,4018.63
3454,96381,43,2025-07-16,2,Damaged,4908.57
3455,96403,345,2025-03-22,2,Wrong Item,10960.41
3456,96442,317,2023-03-09,1,Wrong Item,9649.74
3457,96446,453,2023-05-30,2,Defective,5145.28
3458,96470,302,2024-06-09,1,Customer Changed Mind,3267.23
3459,96473,292,2026-04-23,1,Late Delivery,7318.95
3460,96540,478,2023-04-03,2,Late Delivery,6937.51
3461,96585,449,2024-06-22,1,Customer Changed Mind,8228.54
3462,96626,109,2023-10-27,2,Customer Changed Mind,6273.88
3463,96654,11,2025-11-24,2,Wrong Item,10120.32
3464,96671,465,2024-06-10,2,Wrong Item,10011.98
3465,96710,233,2025-05-13,1,Size Issue,3337.46
3466,96727,280,2025-07-05,2,Late Delivery,8149.42
3467,96728,112,2025-02-13,1,Size Issue,2528.6
3468,96732,347,2024-06-12,1,Damaged,9654.89
3469,96777,257,2025-01-08,1,Damaged,1506.44
3470,96788,64,2026-03-11,1,Size Issue,9911.72
3471,96798,490,2025-09-16,1,Late Delivery,9022.2
3472,96825,190,2023-06-25,1,Defective,1661.55
3473,96843,439,2024-04-21,1,Wrong Item,1703.19
3474,96879,27,2025-02-16,1,Wrong Item,1849.62
3475,96901,227,2023-12-17,1,Defective,4809.26
3476,96915,33,2023-07-14,2,Defective,2415.46
3477,96953,459,2025-07-11,2,Late Delivery,858.94
3478,96960,411,2025-07-15,2,Size Issue,8324.35
3479,96965,285,2024-09-01,1,Defective,7644.18
3480,96971,190,2025-04-14,2,Size Issue,5024.96
3481,97029,276,2023-06-10,2,Wrong Item,8817.15
3482,97031,438,2026-04-03,1,Wrong Item,7518.81
3483,97072,170,2025-01-09,2,Defective,9599.82
3484,97085,17,2024-01-10,2,Defective,999.5
3485,97106,104,2023-07-18,2,Late Delivery,1963.07
3486,97111,213,2025-10-09,1,Damaged,968.14
3487,97118,59,2023-06-27,1,Size Issue,8715.6
3488,97213,367,2024-10-06,1,Damaged,7601.13
3489,97215,13,2024-08-23,2,Customer Changed Mind,401.21
3490,97250,279,2024-10-10,2,Size Issue,3326.42
3491,97254,425,2024-12-18,1,Size Issue,1552.37
3492,97276,5,2023-02-03,1,Customer Changed Mind,4439.76
3493,97284,164,2023-01-19,2,Damaged,2977.24
3494,97298,423,2023-07-21,2,Damaged,318.94
3495,97345,135,2025-09-01,2,Wrong Item,3109.42
3496,97364,47,2024-08-26,2,Size Issue,4202.29
3497,97422,301,2024-11-13,1,Customer Changed Mind,4653.98
3498,97427,163,2025-09-29,1,Customer Changed Mind,8037.37
3499,97437,369,2025-09-02,1,Wrong Item,8785.57
3500,97442,232,2026-03-03,2,Wrong Item,1597.8
3501,97469,407,2023-06-12,1,Customer Changed Mind,6945.42
3502,97543,430,2025-07-05,2,Damaged,4433.94
3503,97567,292,2023-11-21,2,Late Delivery,9810.75
3504,97585,30,2026-08-22,1,Defective,4756.58
3505,97639,172,2025-02-21,2,Late Delivery,11551.07
3506,97642,387,2023-11-14,2,Defective,2621.83
3507,97657,401,2024-09-03,1,Customer Changed Mind,9936.32
3508,97663,45,2024-08-01,1,Size Issue,6625.86
3509,97677,254,2023-09-29,1,Customer Changed Mind,3867.08
3510,97688,78,2025-01-18,1,Wrong Item,7897.51
3511,97744,459,2024-12-04,2,Wrong Item,3289.31
3512,97786,173,2023-09-14,1,Defective,2856.66
3513,97799,272,2023-07-26,1,Customer Changed Mind,5050.03
3514,97814,334,2023-02-14,1,Late Delivery,10371.38
3515,97820,181,2023-10-18,1,Size Issue,5553.43
3516,97831,111,2025-04-11,2,Customer Changed Mind,3899.36
3517,97847,71,2023-04-08,2,Defective,7132.47
3518,97872,322,2023-07-22,1,Defective,8612.66
3519,97910,370,2025-08-15,2,Defective,8588.13
3520,98033,220,2024-12-18,2,Customer Changed Mind,878.69
3521,98038,289,2025-06-01,2,Late Delivery,3482.4
3522,98088,89,2026-07-25,1,Customer Changed Mind,6109.37
3523,98090,453,2026-04-05,2,Customer Changed Mind,1792.51
3524,98107,53,2025-04-01,2,Damaged,1043.31
3525,98122,32,2023-05-13,2,Defective,4272.22
3526,98223,225,2023-03-13,2,Defective,11960.54
3527,98284,444,2026-05-03,1,Late Delivery,11662.02
3528,98288,294,2023-03-08,2,Defective,8723.42
3529,98334,157,2025-04-18,2,Late Delivery,6593.41
3530,98361,378,2023-09-19,1,Size Issue,5022.2
3531,98403,203,2023-03-24,2,Defective,7103.69
3532,98407,453,2024-01-19,1,Wrong Item,6256.77
3533,98456,449,2024-06-09,1,Wrong Item,10823.59
3534,98465,341,2024-09-24,1,Late Delivery,732.44
3535,98467,77,2025-06-26,1,Customer Changed Mind,6823.94
3536,98638,90,2023-11-03,1,Late Delivery,3424.11
3537,98677,160,2025-02-08,1,Late Delivery,1741.31
3538,98683,390,2026-07-12,1,Wrong Item,732.28
3539,98692,308,2026-04-14,2,Customer Changed Mind,11440.54
3540,98899,103,2025-11-05,1,Damaged,4326.44
3541,98998,135,2026-02-11,2,Late Delivery,5417.82
3542,99020,306,2025-07-26,2,Defective,8790.13
3543,99101,234,2026-08-27,1,Customer Changed Mind,8447.97
3544,99117,71,2026-03-12,2,Damaged,9744.46
3545,99197,78,2026-05-11,1,Wrong Item,3754.86
3546,99284,146,2023-06-01,2,Wrong Item,4128.24
3547,99286,312,2025-03-08,1,Wrong Item,3455.99
3548,99294,250,2026-02-01,1,Wrong Item,6864.64
3549,99310,5,2025-04-01,2,Late Delivery,11848.0
3550,99332,9,2024-02-05,2,Defective,5772.9
3551,99345,496,2023-05-08,2,Customer Changed Mind,2171.22
3552,99378,372,2024-04-27,2,Customer Changed Mind,11979.42
3553,99389,196,2023-06-26,2,Size Issue,7315.48
3554,99407,249,2025-07-23,2,Damaged,2235.24
3555,99448,23,2026-05-18,2,Late Delivery,10706.38
3556,99466,371,2024-06-05,1,Defective,2852.89
3557,99502,21,2025-03-09,2,Size Issue,9848.59
3558,99509,221,2024-08-30,1,Wrong Item,2859.15
3559,99549,467,2024-04-23,2,Damaged,1821.86
3560,99556,226,2025-08-19,1,Wrong Item,10572.33
3561,99576,111,2023-05-24,1,Defective,2694.84
3562,99585,2,2024-11-30,1,Customer Changed Mind,4540.62
3563,99611,87,2023-01-27,2,Wrong Item,1291.38
3564,99620,239,2023-05-20,2,Size Issue,444.7
3565,99661,430,2025-07-23,2,Defective,5927.47
3566,99725,367,2025-02-24,1,Customer Changed Mind,653.49
3567,99749,349,2024-05-14,1,Defective,7056.0
3568,99764,422,2023-08-03,1,Damaged,7191.76
3569,99785,483,2023-12-20,1,Size Issue,8041.62
3570,99853,415,2023-08-09,2,Customer Changed Mind,4285.38
3571,99875,97,2023-05-11,2,Damaged,1195.33
3572,99877,311,2023-12-14,1,Customer Changed Mind,7895.86
3573,99906,261,2024-02-19,1,Late Delivery,4666.6
3574,99918,116,2025-03-11,1,Late Delivery,3466.13
3575,99919,197,2023-10-17,1,Size Issue,6844.12
3576,100008,38,2024-03-19,1,Wrong Item,4098.1
3577,100020,299,2023-12-08,1,Damaged,7148.14
3578,100072,222,2023-12-31,2,Customer Changed Mind,7982.55
3579,100074,18,2025-01-16,2,Late Delivery,4226.79
3580,100102,425,2025-12-21,1,Late Delivery,5094.87
3581,100118,86,2026-03-12,2,Damaged,4499.1
3582,100119,451,2024-01-23,2,Wrong Item,11597.66
3583,100150,460,2025-09-14,1,Wrong Item,3404.37
3584,100152,432,2025-04-07,1,Late Delivery,10712.65
3585,100155,184,2023-03-03,1,Wrong Item,9302.56
3586,100159,127,2025-08-01,2,Size Issue,8739.79
3587,100179,401,2024-06-12,1,Size Issue,2908.82
3588,100195,186,2025-10-19,2,Wrong Item,965.47
3589,100212,185,2026-07-14,1,Defective,7068.25
3590,100254,36,2023-11-08,2,Damaged,2646.61
3591,100290,118,2024-01-01,2,Damaged,6244.72
3592,100383,463,2026-08-03,2,Damaged,11373.79
3593,100388,66,2025-05-07,1,Late Delivery,1615.45
3594,100416,429,2024-09-18,2,Late Delivery,3324.87
3595,100491,349,2023-08-14,1,Damaged,5536.7
3596,100521,205,2024-06-10,1,Defective,949.12
3597,100554,19,2025-09-25,1,Damaged,10156.63
3598,100564,86,2025-05-11,1,Wrong Item,4544.32
3599,100567,250,2026-04-26,1,Late Delivery,8073.21
3600,100589,235,2026-07-15,1,Late Delivery,10017.31
3601,100613,370,2025-11-05,1,Late Delivery,10691.19
3602,100662,207,2023-11-04,2,Defective,4159.76
3603,100717,475,2026-08-09,2,Wrong Item,3510.51
3604,100727,25,2024-11-22,2,Customer Changed Mind,9023.47
3605,100731,436,2026-06-09,2,Customer Changed Mind,10712.45
3606,100778,467,2026-01-19,1,Wrong Item,11061.62
3607,100800,304,2025-03-18,2,Damaged,7279.39
3608,100802,394,2024-06-30,2,Late Delivery,10216.99
3609,100826,385,2023-12-23,1,Defective,2987.95
3610,100848,474,2024-11-22,1,Late Delivery,1695.68
3611,100890,417,2023-02-11,2,Wrong Item,5880.74
3612,100904,499,2023-03-11,2,Late Delivery,6380.67
3613,100931,194,2023-11-21,1,Damaged,3809.77
3614,100938,483,2024-10-03,1,Damaged,9396.4
3615,100951,260,2024-04-24,1,Customer Changed Mind,8248.68
3616,100958,413,2024-04-05,2,Defective,5485.3
3617,100980,487,2023-01-31,2,Size Issue,10538.73
3618,101058,340,2025-02-08,1,Damaged,4986.25
3619,101108,57,2024-06-30,2,Customer Changed Mind,2152.05
3620,101110,414,2025-04-06,2,Defective,7538.49
3621,101119,483,2026-07-23,2,Wrong Item,6127.19
3622,101124,113,2026-02-13,1,Size Issue,7941.53
3623,101135,402,2024-04-23,2,Customer Changed Mind,1025.64
3624,101136,139,2024-02-03,2,Damaged,8826.13
3625,101142,349,2026-02-27,1,Damaged,2151.22
3626,101157,174,2023-02-28,1,Late Delivery,568.02
3627,101181,274,2026-05-13,2,Damaged,5476.42
3628,101190,378,2023-11-06,2,Wrong Item,11527.2
3629,101192,412,2023-12-04,1,Customer Changed Mind,10659.53
3630,101204,351,2026-08-05,2,Late Delivery,7168.24
3631,101214,176,2023-03-30,2,Damaged,4775.41
3632,101227,276,2025-09-02,1,Customer Changed Mind,3784.56
3633,101235,321,2023-05-24,2,Late Delivery,3426.92
3634,101249,479,2024-06-10,2,Customer Changed Mind,4109.61
3635,101367,150,2025-06-28,2,Wrong Item,1227.37
3636,101384,475,2025-09-07,2,Size Issue,6088.83
3637,101386,492,2026-05-18,1,Late Delivery,4829.86
3638,101473,115,2024-12-23,1,Customer Changed Mind,2411.36
3639,101542,94,2026-04-05,2,Defective,7677.99
3640,101554,412,2024-10-23,2,Size Issue,4884.58
3641,101574,308,2025-09-12,2,Damaged,7293.2
3642,101594,195,2024-10-03,1,Size Issue,9846.48
3643,101647,104,2025-11-17,2,Late Delivery,11117.62
3644,101658,204,2024-11-27,2,Wrong Item,9373.75
3645,101685,20,2025-09-04,1,Wrong Item,9862.37
3646,101843,134,2026-04-13,1,Wrong Item,9093.98
3647,101851,296,2023-09-10,1,Damaged,3701.88
3648,101859,212,2025-07-13,1,Defective,7617.96
3649,101863,308,2023-12-04,2,Size Issue,5652.08
3650,101892,211,2025-01-28,2,Defective,11558.92
3651,101938,246,2026-02-09,2,Damaged,2600.84
3652,101963,13,2023-12-08,1,Late Delivery,6275.92
3653,101965,427,2023-03-16,1,Wrong Item,1957.09
3654,102048,387,2026-06-07,2,Late Delivery,1308.35
3655,102155,23,2024-05-05,2,Damaged,4935.6
3656,102173,386,2026-04-05,2,Damaged,10760.3
3657,102242,79,2025-05-02,2,Damaged,8873.1
3658,102249,55,2026-08-11,1,Customer Changed Mind,9731.64
3659,102403,219,2025-01-12,2,Damaged,8953.51
3660,102423,107,2024-01-05,2,Customer Changed Mind,1624.35
3661,102429,355,2025-10-08,2,Damaged,2257.58
3662,102433,258,2024-01-08,1,Wrong Item,4653.31
3663,102444,333,2024-12-06,1,Defective,7388.45
3664,102448,84,2025-05-28,1,Defective,5160.17
3665,102467,336,2025-04-02,2,Damaged,935.01
3666,102478,247,2024-12-11,2,Customer Changed Mind,5714.38
3667,102515,247,2026-05-16,2,Size Issue,11846.26
3668,102536,327,2026-06-15,2,Late Delivery,2074.68
3669,102547,258,2024-05-15,2,Size Issue,3434.42
3670,102552,359,2023-03-10,1,Wrong Item,10426.7
3671,102640,474,2025-11-19,2,Wrong Item,8047.94
3672,102716,217,2023-05-06,1,Defective,5107.6
3673,102741,54,2024-02-26,2,Late Delivery,5266.39
3674,102743,210,2025-03-05,1,Size Issue,6307.49
3675,102756,431,2026-05-23,1,Late Delivery,7685.14
3676,102794,216,2025-07-05,2,Defective,2586.11
3677,102817,179,2025-02-26,2,Late Delivery,5038.02
3678,102853,63,2025-05-12,2,Wrong Item,1386.98
3679,102867,409,2023-02-14,2,Defective,2022.27
3680,102879,137,2024-07-02,1,Size Issue,5062.43
3681,102905,159,2024-01-12,2,Defective,10454.05
3682,102919,210,2023-03-22,2,Wrong Item,5570.06
3683,102921,308,2025-08-20,1,Defective,8166.46
3684,102936,438,2024-03-16,1,Damaged,8434.92
3685,102943,426,2025-11-04,2,Size Issue,6334.77
3686,102981,216,2023-02-14,2,Late Delivery,5516.12
3687,103029,47,2025-11-14,1,Defective,8506.86
3688,103037,141,2025-05-17,2,Late Delivery,8909.37
3689,103040,400,2023-03-27,2,Wrong Item,629.12
3690,103049,47,2023-09-16,1,Size Issue,1967.0
3691,103127,359,2023-07-01,1,Size Issue,7527.86
3692,103148,223,2024-02-07,1,Customer Changed Mind,11049.07
3693,103176,193,2023-03-10,2,Defective,10692.94
3694,103181,230,2026-02-16,2,Late Delivery,6896.28
3695,103195,317,2024-10-20,2,Size Issue,6804.47
3696,103227,260,2026-02-07,1,Defective,8867.72
3697,103232,225,2024-09-04,1,Customer Changed Mind,7224.75
3698,103265,76,2023-04-01,1,Size Issue,534.56
3699,103304,45,2024-05-23,1,Customer Changed Mind,3274.9
3700,103311,346,2024-09-11,1,Late Delivery,3626.98
3701,103417,322,2024-07-08,1,Size Issue,11209.28
3702,103425,459,2026-05-11,2,Size Issue,8611.49
3703,103466,205,2024-06-04,2,Late Delivery,4919.97
3704,103495,233,2024-03-04,2,Wrong Item,6892.28
3705,103515,294,2025-01-05,1,Late Delivery,4829.33
3706,103567,126,2023-08-18,2,Damaged,7890.11
3707,103633,212,2024-12-03,1,Late Delivery,4440.09
3708,103635,270,2026-05-12,1,Wrong Item,6717.01
3709,103650,239,2025-08-25,1,Customer Changed Mind,6585.29
3710,103657,34,2025-09-22,2,Defective,795.16
3711,103658,198,2023-11-01,2,Late Delivery,3037.15
3712,103718,73,2023-03-10,2,Defective,8020.88
3713,103827,437,2025-11-23,2,Customer Changed Mind,11099.58
3714,103831,417,2023-06-14,2,Customer Changed Mind,3334.29
3715,103850,3,2025-02-18,1,Size Issue,3631.92
3716,103860,239,2026-04-20,2,Customer Changed Mind,4686.41
3717,103896,85,2024-02-19,1,Damaged,1128.82
3718,103926,198,2024-05-16,1,Defective,738.67
3719,103969,416,2024-05-12,2,Damaged,7590.22
3720,103977,467,2023-03-19,1,Late Delivery,6377.39
3721,104036,321,2026-03-22,1,Wrong Item,11863.18
3722,104114,452,2024-10-15,1,Defective,4363.76
3723,104126,4,2025-08-12,1,Customer Changed Mind,2978.61
3724,104167,236,2026-03-26,2,Late Delivery,476.23
3725,104174,7,2024-12-20,1,Defective,4662.05
3726,104180,148,2024-09-22,2,Wrong Item,2845.51
3727,104216,251,2023-02-25,2,Wrong Item,11853.19
3728,104264,374,2024-04-28,2,Wrong Item,378.37
3729,104274,266,2025-07-31,2,Customer Changed Mind,5500.4
3730,104279,413,2024-12-24,2,Customer Changed Mind,7688.32
3731,104322,451,2025-01-04,1,Defective,2283.04
3732,104358,482,2024-03-03,1,Damaged,9017.8
3733,104381,86,2023-10-01,2,Late Delivery,2976.83
3734,104425,200,2025-04-30,2,Late Delivery,1038.31
3735,104442,65,2026-07-14,1,Defective,10980.61
3736,104466,221,2024-06-12,1,Defective,10564.47
3737,104500,19,2026-04-27,2,Size Issue,4493.44
3738,104520,310,2025-02-21,2,Defective,771.43
3739,104561,27,2024-04-13,1,Damaged,4242.06
3740,104571,353,2025-11-14,2,Defective,11660.96
3741,104600,102,2024-03-12,1,Size Issue,8295.7
3742,104633,329,2025-08-15,2,Late Delivery,1232.02
3743,104685,265,2024-05-06,1,Defective,11794.88
3744,104694,299,2024-12-27,2,Damaged,9829.96
3745,104784,36,2023-02-08,2,Size Issue,8045.65
3746,104831,416,2026-08-22,1,Size Issue,1524.2
3747,104847,116,2025-01-15,1,Customer Changed Mind,10754.01
3748,104873,83,2024-11-24,2,Damaged,10727.72
3749,104886,399,2023-10-23,2,Wrong Item,3643.4
3750,104908,267,2023-12-13,2,Defective,11052.78
3751,104933,435,2023-07-17,1,Size Issue,7632.95
3752,104944,144,2024-08-31,1,Size Issue,10940.27
3753,104955,335,2025-11-23,2,Size Issue,4699.93
3754,104972,158,2025-06-14,1,Damaged,4309.4
3755,105101,48,2025-05-23,1,Wrong Item,2777.4
3756,105168,335,2024-10-09,2,Damaged,2272.82
3757,105194,216,2025-11-04,2,Defective,11346.15
3758,105224,127,2023-05-30,2,Damaged,8043.33
3759,105231,496,2025-04-24,1,Damaged,6643.04
3760,105265,52,2024-02-11,1,Defective,10294.45
3761,105308,396,2024-08-04,1,Wrong Item,9199.45
3762,105312,424,2023-10-21,2,Size Issue,7345.77
3763,105335,222,2025-11-28,1,Defective,866.15
3764,105372,362,2026-07-01,1,Defective,4192.98
3765,105414,369,2025-02-18,1,Customer Changed Mind,3823.69
3766,105416,481,2024-06-18,1,Damaged,11903.51
3767,105428,236,2025-06-25,2,Defective,11590.12
3768,105437,26,2025-05-14,1,Damaged,429.95
3769,105462,208,2025-05-07,2,Size Issue,10969.2
3770,105516,275,2024-08-27,2,Defective,9639.42
3771,105537,441,2024-03-18,2,Wrong Item,4828.09
3772,105552,481,2023-03-04,2,Late Delivery,4010.05
3773,105599,431,2026-02-12,1,Late Delivery,2409.13
3774,105602,238,2023-03-11,1,Size Issue,6236.65
3775,105619,248,2025-12-18,1,Defective,6716.66
3776,105651,91,2026-04-10,1,Wrong Item,10781.31
3777,105679,436,2023-11-19,2,Damaged,3346.97
3778,105699,69,2024-07-26,1,Size Issue,9382.99
3779,105726,71,2023-02-20,2,Damaged,494.69
3780,105781,59,2026-05-19,1,Defective,2180.72
3781,105791,12,2023-06-20,2,Wrong Item,3245.79
3782,105816,241,2025-10-19,1,Wrong Item,2805.75
3783,105824,281,2026-08-03,2,Wrong Item,10915.46
3784,105853,37,2023-04-11,2,Damaged,1940.81
3785,105909,104,2025-10-04,2,Defective,10827.64
3786,105987,300,2025-02-04,1,Wrong Item,2998.85
3787,105998,127,2025-09-29,1,Customer Changed Mind,11912.72
3788,106019,218,2023-07-09,1,Defective,10005.0
3789,106039,446,2023-07-04,2,Wrong Item,6272.89
3790,106040,245,2023-09-05,1,Damaged,10349.91
3791,106074,252,2025-12-25,2,Customer Changed Mind,10599.59
3792,106097,216,2023-07-21,1,Customer Changed Mind,11810.84
3793,106174,189,2024-09-22,1,Size Issue,1817.14
3794,106185,183,2024-06-29,2,Defective,8295.33
3795,106211,87,2026-04-18,1,Late Delivery,1468.48
3796,106270,425,2024-05-13,2,Defective,11051.61
3797,106293,404,2024-04-19,2,Wrong Item,2772.81
3798,106345,277,2023-12-02,1,Size Issue,2871.68
3799,106355,109,2024-04-22,2,Late Delivery,2015.41
3800,106434,289,2023-10-27,1,Wrong Item,5397.59
3801,106460,377,2023-11-21,2,Wrong Item,8788.36
3802,106463,324,2024-01-30,1,Late Delivery,3418.93
3803,106478,208,2025-04-14,1,Size Issue,8132.58
3804,106519,289,2024-01-26,1,Defective,6951.27
3805,106537,412,2025-09-20,1,Customer Changed Mind,6795.65
3806,106555,149,2025-03-08,2,Late Delivery,2450.8
3807,106563,313,2026-06-11,2,Customer Changed Mind,5829.19
3808,106634,319,2023-02-02,1,Wrong Item,7734.75
3809,106697,276,2025-07-19,2,Size Issue,8795.51
3810,106716,266,2025-03-29,2,Defective,7192.85
3811,106742,219,2025-08-09,2,Defective,3418.35
3812,106797,439,2025-08-08,2,Defective,6065.39
3813,106834,152,2026-09-10,2,Damaged,11249.3
3814,106847,107,2023-08-23,1,Damaged,8596.9
3815,106926,444,2023-10-21,2,Late Delivery,9930.32
3816,106949,273,2024-01-20,2,Damaged,4224.19
3817,106981,369,2023-10-03,1,Late Delivery,1005.12
3818,106987,479,2026-06-06,1,Late Delivery,7789.28
3819,106995,336,2024-08-20,1,Customer Changed Mind,2240.71
3820,107046,10,2024-12-29,2,Defective,7629.08
3821,107090,73,2024-11-05,1,Size Issue,2289.8
3822,107112,256,2024-10-16,1,Defective,7829.55
3823,107141,475,2024-04-23,2,Wrong Item,3820.33
3824,107152,207,2023-04-03,2,Customer Changed Mind,5508.07
3825,107170,304,2023-07-25,2,Size Issue,7718.99
3826,107239,23,2025-04-10,1,Late Delivery,6322.77
3827,107298,146,2024-03-19,1,Defective,3009.4
3828,107305,8,2023-10-21,1,Wrong Item,11587.93
3829,107312,296,2023-06-02,1,Customer Changed Mind,9435.3
3830,107451,143,2023-03-06,1,Damaged,2813.87
3831,107480,255,2025-08-18,1,Late Delivery,2818.6
3832,107517,219,2025-02-22,2,Damaged,394.39
3833,107531,412,2024-11-21,2,Defective,6480.07
3834,107543,391,2025-12-14,1,Late Delivery,11497.09
3835,107547,322,2024-03-12,2,Customer Changed Mind,10128.83
3836,107591,234,2025-07-13,2,Damaged,11945.12
3837,107622,14,2024-02-25,2,Wrong Item,1699.03
3838,107629,154,2025-12-06,1,Customer Changed Mind,9683.26
3839,107676,149,2023-11-21,1,Customer Changed Mind,9537.9
3840,107701,285,2026-04-01,2,Customer Changed Mind,2147.27
3841,107750,468,2026-06-23,1,Late Delivery,6610.95
3842,107753,15,2025-04-21,1,Damaged,367.7
3843,107766,308,2023-03-31,1,Size Issue,2243.47
3844,107769,242,2023-10-22,1,Wrong Item,9434.52
3845,107802,317,2024-12-31,1,Customer Changed Mind,443.37
3846,107853,169,2024-05-03,2,Damaged,10575.42
3847,107877,215,2025-10-22,2,Late Delivery,2764.95
3848,107893,106,2023-04-17,2,Wrong Item,1389.24
3849,107898,460,2023-08-25,2,Customer Changed Mind,7636.42
3850,107900,346,2023-05-16,2,Late Delivery,3378.22
3851,107919,452,2024-01-28,2,Customer Changed Mind,8926.74
3852,107955,56,2024-09-16,1,Wrong Item,10678.14
3853,108065,309,2023-04-07,2,Wrong Item,327.98
3854,108066,58,2024-09-20,1,Defective,550.32
3855,108072,240,2023-07-15,2,Late Delivery,8058.93
3856,108172,404,2024-05-02,1,Size Issue,7051.85
3857,108178,356,2025-09-15,2,Defective,4935.33
3858,108236,274,2023-02-04,2,Damaged,9118.1
3859,108266,77,2024-03-18,2,Late Delivery,8956.55
3860,108272,1,2023-01-31,2,Size Issue,4978.21
3861,108309,27,2024-11-23,1,Late Delivery,5500.29
3862,108319,425,2026-01-30,1,Size Issue,7216.44
3863,108344,114,2026-01-21,1,Damaged,2126.65
3864,108463,28,2025-06-13,1,Size Issue,9009.72
3865,108485,312,2024-02-14,1,Customer Changed Mind,6653.27
3866,108514,356,2023-02-06,2,Size Issue,8058.2
3867,108543,36,2026-04-12,1,Damaged,8270.79
3868,108547,419,2025-02-10,2,Defective,7891.13
3869,108601,227,2023-10-13,1,Defective,3017.5
3870,108748,304,2024-04-11,2,Defective,1546.57
3871,108758,461,2024-03-18,2,Wrong Item,4187.56
3872,108802,299,2024-09-28,2,Defective,10599.01
3873,108873,95,2026-08-10,2,Late Delivery,11833.96
3874,108876,72,2026-04-12,1,Wrong Item,11932.48
3875,108880,81,2025-01-11,1,Defective,4232.52
3876,108953,146,2024-07-13,1,Damaged,346.4
3877,109009,53,2023-06-13,2,Size Issue,2058.77
3878,109038,329,2026-05-27,2,Defective,3786.64
3879,109073,430,2024-12-22,1,Late Delivery,644.38
3880,109116,18,2026-01-26,1,Defective,2093.02
3881,109128,211,2024-11-04,2,Late Delivery,9130.44
3882,109137,178,2023-06-16,1,Wrong Item,1370.78
3883,109145,51,2026-03-18,2,Wrong Item,8281.73
3884,109188,294,2026-08-12,2,Wrong Item,5001.44
3885,109253,353,2023-02-20,1,Late Delivery,8765.39
3886,109334,395,2025-11-24,1,Late Delivery,398.95
3887,109387,437,2023-12-18,2,Customer Changed Mind,10205.29
3888,109398,244,2023-04-19,1,Late Delivery,5803.69
3889,109402,454,2024-05-14,2,Defective,5340.89
3890,109406,234,2025-10-16,1,Wrong Item,7269.19
3891,109408,248,2025-04-20,1,Customer Changed Mind,9803.38
3892,109414,162,2024-02-04,2,Wrong Item,8597.21
3893,109429,460,2026-05-02,1,Wrong Item,11926.41
3894,109438,396,2024-07-15,2,Wrong Item,3564.03
3895,109457,275,2026-08-13,1,Customer Changed Mind,4266.74
3896,109478,457,2023-05-27,2,Defective,7647.96
3897,109521,289,2025-08-09,2,Size Issue,2573.39
3898,109536,64,2025-05-10,1,Size Issue,3489.77
3899,109549,278,2024-11-10,1,Damaged,10753.23
3900,109599,328,2024-09-23,1,Late Delivery,2552.27
3901,109646,49,2023-08-06,2,Defective,11235.59
3902,109647,457,2025-04-30,2,Size Issue,11053.28
3903,109689,432,2025-09-23,1,Late Delivery,3637.53
3904,109712,45,2023-11-13,2,Defective,10205.62
3905,109726,128,2024-01-06,1,Late Delivery,3707.8
3906,109732,210,2026-05-10,1,Damaged,7962.16
3907,109739,276,2024-08-03,1,Damaged,970.65
3908,109838,443,2024-11-18,2,Damaged,11589.81
3909,109913,171,2024-01-20,2,Size Issue,2995.13
3910,109921,97,2026-02-15,1,Wrong Item,5587.24
3911,109928,52,2025-07-18,2,Size Issue,9205.2
3912,109938,334,2024-11-20,1,Damaged,3038.13
3913,109943,248,2024-04-09,1,Customer Changed Mind,6150.44
3914,109992,3,2026-03-20,2,Defective,7240.61
3915,110016,200,2024-09-26,1,Damaged,10245.25
3916,110025,23,2023-11-11,1,Defective,9677.8
3917,110041,142,2025-04-06,1,Size Issue,8641.74
3918,110059,317,2024-11-07,2,Customer Changed Mind,4129.28
3919,110120,20,2023-03-04,1,Late Delivery,6835.17
3920,110134,347,2025-12-22,1,Defective,4412.59
3921,110139,493,2024-09-19,2,Defective,8246.32
3922,110199,282,2024-12-26,1,Customer Changed Mind,6694.59
3923,110209,325,2025-11-18,2,Size Issue,3933.14
3924,110244,58,2024-01-12,2,Defective,3735.13
3925,110325,498,2025-01-08,1,Size Issue,8686.95
3926,110370,285,2026-03-16,1,Size Issue,5459.79
3927,110467,323,2023-06-08,1,Customer Changed Mind,415.96
3928,110576,410,2023-12-06,2,Wrong Item,10736.86
3929,110580,322,2024-08-10,2,Late Delivery,6417.98
3930,110590,196,2023-05-29,1,Customer Changed Mind,6994.83
3931,110591,422,2025-12-26,2,Wrong Item,2407.03
3932,110594,79,2025-06-17,1,Defective,3875.86
3933,110610,124,2025-05-15,2,Late Delivery,1926.94
3934,110648,409,2023-08-02,2,Late Delivery,7527.3
3935,110680,371,2024-03-12,2,Defective,1828.61
3936,110704,462,2026-08-07,1,Size Issue,7626.33
3937,110856,157,2026-01-25,1,Defective,8544.72
3938,110900,146,2024-08-27,1,Damaged,3647.79
3939,110956,138,2024-03-22,1,Customer Changed Mind,6586.94
3940,110974,43,2023-06-13,2,Wrong Item,4186.82
3941,110995,274,2024-11-16,1,Wrong Item,8525.5
3942,111011,440,2025-02-24,2,Wrong Item,10873.13
3943,111057,125,2025-03-10,1,Late Delivery,9964.98
3944,111059,340,2025-02-15,2,Customer Changed Mind,3018.39
3945,111082,269,2025-03-29,1,Damaged,8473.59
3946,111131,204,2024-01-16,2,Defective,1491.32
3947,111138,271,2025-08-15,1,Damaged,7646.77
3948,111148,164,2025-07-20,1,Wrong Item,8699.19
3949,111175,443,2025-10-25,2,Customer Changed Mind,8610.83
3950,111205,86,2023-07-14,2,Defective,4575.19
3951,111241,148,2024-10-05,1,Defective,1997.21
3952,111263,168,2023-04-28,2,Wrong Item,2124.66
3953,111277,228,2023-12-26,1,Customer Changed Mind,9975.56
3954,111286,251,2024-03-03,1,Defective,1519.1
3955,111326,314,2025-04-03,2,Customer Changed Mind,5676.57
3956,111374,245,2023-02-26,1,Defective,11179.3
3957,111402,205,2024-11-17,2,Late Delivery,9971.02
3958,111466,299,2023-04-02,2,Size Issue,7842.35
3959,111484,312,2026-04-03,2,Size Issue,7786.25
3960,111522,475,2024-07-16,1,Damaged,2262.6
3961,111559,181,2024-11-13,2,Defective,1895.23
3962,111580,128,2024-09-03,2,Late Delivery,734.13
3963,111622,231,2024-10-08,1,Size Issue,4533.15
3964,111718,467,2026-06-03,1,Size Issue,2109.53
3965,111747,77,2024-11-10,1,Size Issue,1723.13
3966,111794,241,2023-02-12,1,Damaged,6860.06
3967,111797,374,2026-06-15,2,Customer Changed Mind,1617.55
3968,111823,373,2023-02-22,1,Defective,10978.7
3969,111859,197,2025-01-13,1,Damaged,9814.38
3970,111907,230,2026-05-09,1,Customer Changed Mind,11915.01
3971,111915,187,2025-08-06,1,Late Delivery,1052.12
3972,111956,260,2024-11-16,2,Wrong Item,1087.71
3973,111981,396,2026-06-25,2,Size Issue,8077.59
3974,112019,6,2023-08-13,2,Customer Changed Mind,1430.48
3975,112035,333,2023-05-06,1,Late Delivery,10941.01
3976,112059,286,2025-02-26,1,Size Issue,9630.96
3977,112086,61,2025-07-22,2,Wrong Item,1171.02
3978,112095,345,2025-01-19,2,Size Issue,5612.26
3979,112109,106,2025-02-10,1,Customer Changed Mind,2341.27
3980,112152,110,2025-10-04,2,Late Delivery,5174.55
3981,112174,185,2026-05-06,2,Size Issue,4419.54
3982,112191,169,2025-06-29,1,Customer Changed Mind,6350.76
3983,112205,335,2026-02-01,2,Damaged,10287.59
3984,112234,424,2024-05-03,1,Size Issue,1631.2
3985,112253,225,2023-10-01,1,Size Issue,2048.15
3986,112260,109,2023-04-23,2,Size Issue,2364.13
3987,112273,68,2023-08-21,1,Size Issue,4155.15
3988,112278,74,2023-12-08,1,Late Delivery,9973.47
3989,112296,219,2025-01-05,2,Size Issue,8355.03
3990,112308,490,2023-07-28,1,Defective,4331.22
3991,112335,276,2024-11-19,2,Damaged,5548.45
3992,112433,269,2024-08-31,2,Damaged,7256.65
3993,112443,405,2026-02-09,1,Late Delivery,8183.25
3994,112451,16,2025-05-10,2,Late Delivery,8273.63
3995,112461,6,2025-01-21,1,Late Delivery,7990.72
3996,112510,187,2025-11-06,2,Damaged,10837.8
3997,112549,430,2025-08-14,1,Late Delivery,3612.91
3998,112594,101,2026-05-23,1,Size Issue,5504.73
3999,112601,82,2024-03-07,1,Customer Changed Mind,6305.14
4000,112696,218,2026-05-12,2,Defective,9855.13
4001,112856,202,2024-12-08,1,Late Delivery,5922.68
4002,112946,265,2026-09-03,2,Customer Changed Mind,6348.05
4003,112982,245,2025-09-24,1,Customer Changed Mind,1826.32
4004,112984,402,2023-05-29,1,Defective,3678.17
4005,112998,420,2023-12-22,2,Defective,8369.64
4006,113009,366,2024-03-02,1,Size Issue,8018.84
4007,113019,127,2026-07-01,2,Wrong Item,10182.41
4008,113083,249,2023-04-01,1,Size Issue,3876.99
4009,113177,158,2023-02-07,1,Size Issue,10018.99
4010,113185,181,2023-01-23,1,Defective,10603.69
4011,113199,88,2026-07-18,1,Late Delivery,2012.98
4012,113232,487,2023-04-19,1,Customer Changed Mind,10956.8
4013,113235,83,2025-10-27,2,Defective,3622.37
4014,113257,290,2025-04-10,2,Wrong Item,11500.79
4015,113261,425,2025-01-03,1,Size Issue,7378.86
4016,113302,339,2023-06-15,1,Late Delivery,6824.94
4017,113305,280,2025-02-26,1,Defective,11217.57
4018,113323,179,2026-03-03,1,Late Delivery,10661.18
4019,113338,436,2025-08-25,1,Defective,10567.28
4020,113406,473,2024-10-18,1,Damaged,957.64
4021,113415,158,2024-05-23,1,Size Issue,11731.18
4022,113473,349,2026-07-12,2,Wrong Item,6331.73
4023,113516,320,2025-07-08,1,Defective,7716.45
4024,113550,343,2026-02-17,1,Defective,11243.16
4025,113581,202,2025-10-21,1,Wrong Item,11676.33
4026,113644,175,2026-01-01,2,Wrong Item,2530.61
4027,113653,35,2023-01-27,1,Wrong Item,3559.57
4028,113684,42,2023-02-17,2,Late Delivery,10891.74
4029,113715,318,2025-07-11,1,Late Delivery,4687.87
4030,113741,262,2023-10-15,2,Size Issue,8841.81
4031,113788,140,2024-02-02,2,Wrong Item,4497.68
4032,113799,362,2024-11-07,1,Late Delivery,8337.74
4033,113825,389,2023-04-12,1,Late Delivery,3652.72
4034,113828,443,2023-02-27,2,Size Issue,5570.29
4035,113864,275,2024-03-10,2,Damaged,8278.8
4036,113874,493,2023-04-26,2,Customer Changed Mind,4930.68
4037,113882,3,2024-04-30,1,Customer Changed Mind,6617.89
4038,113897,248,2025-07-12,1,Damaged,8212.69
4039,113908,238,2023-12-14,1,Late Delivery,8474.43
4040,113940,143,2023-08-19,1,Damaged,1620.74
4041,113969,413,2024-07-11,1,Customer Changed Mind,9633.71
4042,113982,254,2025-05-12,1,Defective,5090.41
4043,113993,42,2023-08-14,2,Size Issue,5565.6
4044,114044,157,2026-06-12,2,Defective,6987.17
4045,114105,401,2025-11-30,2,Defective,8060.36
4046,114116,164,2025-11-21,2,Damaged,5186.42
4047,114148,432,2026-04-23,2,Customer Changed Mind,696.5
4048,114155,165,2026-06-25,1,Customer Changed Mind,2369.91
4049,114159,150,2026-05-15,1,Late Delivery,1119.46
4050,114186,104,2025-02-15,1,Late Delivery,7181.77
4051,114272,164,2026-03-27,1,Damaged,10218.12
4052,114291,139,2026-05-25,2,Wrong Item,3229.79
4053,114302,89,2024-11-29,2,Size Issue,9490.85
4054,114315,326,2024-04-30,2,Late Delivery,10732.61
4055,114340,297,2025-06-21,1,Defective,627.75
4056,114354,302,2026-02-03,2,Late Delivery,10885.92
4057,114357,134,2025-03-16,1,Defective,6643.34
4058,114368,83,2023-04-17,1,Damaged,6818.0
4059,114390,3,2025-03-25,2,Wrong Item,1626.69
4060,114479,346,2025-05-07,1,Size Issue,9698.2
4061,114519,421,2025-02-10,2,Size Issue,3418.89
4062,114536,400,2023-10-20,1,Customer Changed Mind,11613.2
4063,114623,428,2023-06-07,2,Customer Changed Mind,7482.74
4064,114638,126,2026-05-25,1,Customer Changed Mind,4052.08
4065,114710,430,2024-04-25,1,Defective,10063.15
4066,114821,470,2026-07-07,2,Late Delivery,4026.97
4067,114840,127,2024-07-28,2,Damaged,9234.81
4068,114873,282,2026-04-21,2,Size Issue,2062.87
4069,114938,478,2023-12-31,2,Defective,3674.03
4070,114988,34,2023-07-18,1,Wrong Item,7378.68
4071,115000,22,2025-02-28,2,Customer Changed Mind,2556.24
4072,115016,15,2026-02-02,1,Wrong Item,3057.15
4073,115021,138,2025-01-12,1,Customer Changed Mind,9428.32
4074,115068,165,2025-06-17,2,Size Issue,7810.8
4075,115097,70,2024-03-21,2,Late Delivery,9655.87
4076,115112,350,2024-09-22,1,Late Delivery,7986.5
4077,115147,355,2023-05-27,2,Damaged,11373.25
4078,115192,38,2025-05-07,1,Size Issue,1462.2
4079,115219,368,2024-03-14,1,Wrong Item,7961.29
4080,115232,439,2023-06-09,2,Damaged,10471.51
4081,115243,476,2025-01-18,2,Defective,3606.66
4082,115283,27,2024-06-05,2,Damaged,8457.55
4083,115319,285,2023-04-23,1,Size Issue,4001.14
4084,115327,433,2025-07-29,1,Damaged,4832.71
4085,115340,20,2024-02-27,2,Size Issue,4938.77
4086,115342,204,2026-02-20,1,Defective,3723.25
4087,115391,61,2025-03-30,2,Size Issue,2505.25
4088,115401,458,2023-05-05,1,Late Delivery,4911.4
4089,115460,116,2024-12-13,2,Damaged,11914.14
4090,115464,403,2023-05-18,2,Defective,2525.84
4091,115473,90,2026-06-19,2,Defective,3478.47
4092,115491,115,2026-08-27,1,Wrong Item,2709.0
4093,115547,216,2023-04-29,1,Size Issue,3689.05
4094,115677,148,2023-11-30,2,Defective,5274.14
4095,115687,228,2026-07-10,2,Late Delivery,8852.02
4096,115740,136,2023-05-11,2,Defective,6018.33
4097,115795,140,2025-01-07,1,Customer Changed Mind,5012.43
4098,115829,31,2023-09-16,2,Wrong Item,5472.7
4099,115836,402,2025-11-22,1,Wrong Item,7046.67
4100,115855,455,2026-02-16,1,Size Issue,11493.28
4101,115886,220,2026-03-20,1,Late Delivery,3775.75
4102,115889,51,2024-01-20,1,Wrong Item,5562.66
4103,115895,469,2026-08-24,1,Late Delivery,11992.63
4104,115906,424,2025-01-04,2,Size Issue,4286.48
4105,115943,377,2026-01-18,1,Defective,2297.68
4106,115965,312,2024-06-27,1,Damaged,10716.87
4107,115988,2,2026-04-28,1,Late Delivery,7149.42
4108,116055,99,2026-08-07,2,Defective,654.2
4109,116070,461,2025-02-20,1,Customer Changed Mind,5765.86
4110,116086,466,2024-07-31,2,Damaged,6290.66
4111,116092,468,2025-03-13,2,Defective,7105.79
4112,116100,178,2023-11-09,1,Defective,11392.22
4113,116110,361,2025-05-09,1,Size Issue,11674.94
4114,116281,79,2024-08-11,1,Damaged,4363.77
4115,116282,398,2024-02-15,1,Defective,3385.41
4116,116285,156,2024-07-01,1,Customer Changed Mind,3343.16
4117,116288,367,2026-08-06,1,Size Issue,2352.04
4118,116330,121,2023-10-29,1,Wrong Item,11985.35
4119,116355,333,2026-01-16,2,Damaged,4383.78
4120,116373,59,2026-05-05,1,Customer Changed Mind,4687.57
4121,116423,237,2023-08-19,1,Defective,10125.06
4122,116432,252,2024-06-13,2,Wrong Item,11522.25
4123,116433,134,2024-12-03,1,Defective,1600.0
4124,116436,412,2026-06-03,2,Late Delivery,11086.72
4125,116454,485,2024-06-04,1,Size Issue,11557.8
4126,116470,303,2026-08-10,2,Defective,1553.89
4127,116526,362,2026-02-11,2,Late Delivery,1968.63
4128,116535,260,2024-02-15,1,Late Delivery,3030.33
4129,116551,153,2025-03-09,2,Damaged,332.6
4130,116567,389,2025-11-28,1,Late Delivery,5842.07
4131,116581,142,2024-07-23,2,Late Delivery,595.25
4132,116591,254,2026-08-08,1,Size Issue,2108.63
4133,116605,77,2026-01-25,2,Customer Changed Mind,896.92
4134,116638,274,2026-04-18,1,Wrong Item,3378.53
4135,116643,319,2025-03-30,2,Damaged,5168.35
4136,116673,234,2023-09-17,2,Defective,2406.46
4137,116708,450,2026-04-04,1,Customer Changed Mind,6193.01
4138,116722,343,2024-10-31,1,Customer Changed Mind,11071.12
4139,116831,364,2023-06-27,2,Damaged,9245.04
4140,116832,224,2024-07-26,2,Damaged,9439.14
4141,116863,459,2025-11-14,2,Size Issue,3781.9
4142,116894,310,2023-04-30,1,Damaged,6731.02
4143,116903,414,2025-05-25,1,Late Delivery,412.88
4144,116935,452,2023-06-25,2,Size Issue,8964.29
4145,116936,329,2026-08-01,2,Customer Changed Mind,11239.22
4146,116963,217,2026-01-08,2,Customer Changed Mind,4578.85
4147,116969,21,2025-11-08,2,Defective,4960.33
4148,117025,1,2023-04-11,1,Defective,853.82
4149,117112,428,2024-06-24,2,Damaged,403.18
4150,117121,101,2026-07-25,1,Customer Changed Mind,8748.59
4151,117127,128,2024-06-25,1,Wrong Item,2955.08
4152,117148,367,2024-10-15,1,Damaged,1590.59
4153,117216,90,2024-12-30,2,Defective,3609.15
4154,117237,182,2024-05-19,2,Defective,9414.54
4155,117263,174,2024-05-16,2,Size Issue,6297.13
4156,117274,94,2024-06-28,1,Late Delivery,6525.96
4157,117331,396,2025-01-26,1,Wrong Item,1928.79
4158,117353,225,2024-09-15,2,Late Delivery,4335.0
4159,117356,20,2024-11-20,2,Damaged,7923.24
4160,117380,241,2025-06-16,2,Defective,6302.04
4161,117387,339,2023-10-09,1,Late Delivery,10264.47
4162,117390,67,2025-03-28,1,Defective,9233.14
4163,117395,200,2026-02-01,2,Late Delivery,3055.85
4164,117426,178,2025-04-17,1,Customer Changed Mind,11962.88
4165,117472,353,2025-03-05,1,Late Delivery,3693.34
4166,117475,393,2025-07-15,1,Damaged,3070.06
4167,117483,4,2023-02-13,2,Defective,10811.7
4168,117486,377,2023-04-14,2,Wrong Item,2497.26
4169,117505,310,2025-10-05,2,Defective,3791.4
4170,117510,288,2024-03-03,2,Size Issue,3669.06
4171,117512,462,2025-11-11,1,Late Delivery,3677.4
4172,117546,146,2025-03-03,2,Wrong Item,11105.78
4173,117567,395,2026-07-06,1,Wrong Item,2261.15
4174,117594,141,2023-02-10,2,Defective,6038.51
4175,117629,61,2025-06-20,2,Defective,10055.94
4176,117646,45,2026-07-14,1,Size Issue,6477.07
4177,117697,425,2023-05-14,2,Late Delivery,5532.16
4178,117722,388,2026-06-04,2,Damaged,11207.7
4179,117723,118,2024-08-18,1,Size Issue,8912.43
4180,117865,455,2026-01-02,2,Late Delivery,10594.15
4181,117910,392,2026-04-15,1,Late Delivery,8967.37
4182,117911,95,2023-08-18,1,Wrong Item,674.42
4183,117916,486,2025-12-16,1,Size Issue,3730.74
4184,117923,463,2024-09-11,1,Size Issue,8912.41
4185,118029,169,2023-11-29,2,Size Issue,5360.31
4186,118045,180,2023-08-25,1,Wrong Item,7200.55
4187,118062,134,2024-07-05,2,Late Delivery,11277.79
4188,118064,3,2024-12-20,2,Damaged,6391.68
4189,118144,463,2025-03-07,1,Customer Changed Mind,11244.26
4190,118155,385,2026-01-15,1,Wrong Item,4021.86
4191,118172,385,2025-02-27,1,Customer Changed Mind,11753.09
4192,118253,84,2026-03-03,2,Defective,5099.76
4193,118254,14,2025-03-30,1,Size Issue,10356.65
4194,118263,497,2024-11-17,2,Size Issue,9497.05
4195,118266,358,2026-08-05,2,Late Delivery,10414.05
4196,118381,386,2023-02-17,1,Size Issue,7798.44
4197,118404,269,2024-10-23,2,Defective,6647.47
4198,118429,40,2026-01-10,2,Customer Changed Mind,4805.59
4199,118431,58,2023-10-16,1,Defective,4591.38
4200,118442,168,2026-06-30,2,Customer Changed Mind,5901.74
4201,118477,169,2023-07-26,2,Customer Changed Mind,5649.98
4202,118480,280,2025-04-18,2,Late Delivery,795.45
4203,118493,497,2026-07-29,2,Late Delivery,8163.37
4204,118515,428,2024-05-01,2,Wrong Item,9498.63
4205,118584,15,2026-04-25,1,Late Delivery,1124.97
4206,118614,175,2024-01-29,2,Customer Changed Mind,11481.36
4207,118616,483,2024-08-06,1,Defective,2595.19
4208,118625,329,2024-09-01,1,Late Delivery,8181.56
4209,118633,47,2024-06-14,1,Size Issue,7447.22
4210,118656,21,2023-08-28,1,Defective,10887.93
4211,118700,389,2025-02-26,1,Customer Changed Mind,5633.79
4212,118712,337,2026-02-11,2,Customer Changed Mind,6488.67
4213,118724,231,2026-04-19,1,Customer Changed Mind,7872.72
4214,118754,270,2025-10-13,1,Customer Changed Mind,5983.62
4215,118761,193,2023-10-15,1,Defective,6185.29
4216,118801,427,2024-09-03,1,Damaged,6511.72
4217,118837,112,2023-08-09,2,Late Delivery,7402.37
4218,118883,10,2023-09-26,1,Customer Changed Mind,7211.28
4219,118889,401,2024-09-15,1,Late Delivery,8625.97
4220,118911,2,2026-01-05,2,Defective,5237.2
4221,118924,111,2024-05-04,1,Wrong Item,1863.48
4222,118943,94,2024-08-29,2,Size Issue,3859.68
4223,118961,175,2026-02-24,1,Damaged,9324.03
4224,118969,453,2026-06-26,1,Damaged,6202.55
4225,118972,76,2026-02-09,1,Wrong Item,1264.83
4226,118974,6,2024-09-04,1,Size Issue,7091.21
4227,119044,302,2024-01-09,2,Damaged,928.43
4228,119046,125,2024-05-28,2,Wrong Item,1742.64
4229,119075,276,2025-05-21,2,Size Issue,2855.95
4230,119080,411,2025-11-17,2,Size Issue,319.26
4231,119097,19,2026-02-04,2,Size Issue,6265.24
4232,119122,124,2026-01-09,1,Late Delivery,4898.73
4233,119125,361,2023-05-21,1,Damaged,8769.74
4234,119135,488,2023-08-14,2,Wrong Item,6276.09
4235,119185,135,2023-10-10,1,Defective,7222.87
4236,119210,420,2023-04-27,1,Late Delivery,11344.84
4237,119237,396,2024-10-25,2,Defective,3391.69
4238,119266,176,2025-05-06,2,Wrong Item,3200.22
4239,119312,480,2023-09-15,2,Late Delivery,7740.08
4240,119321,338,2025-10-12,1,Wrong Item,7500.11
4241,119350,472,2023-12-15,2,Defective,6598.24
4242,119375,91,2024-02-11,1,Customer Changed Mind,3356.59
4243,119439,178,2026-07-06,1,Customer Changed Mind,8860.49
4244,119441,52,2023-12-09,2,Size Issue,2577.27
4245,119508,46,2024-08-05,2,Defective,8590.58
4246,119512,483,2023-11-19,2,Damaged,8459.38
4247,119535,303,2025-09-28,1,Damaged,4692.93
4248,119571,95,2025-03-24,2,Late Delivery,8225.93
4249,119592,362,2025-01-18,1,Size Issue,6655.56
4250,119623,253,2024-12-28,1,Defective,8371.66
4251,119637,290,2024-06-02,2,Late Delivery,2036.04
4252,119716,294,2025-09-06,1,Defective,4844.98
4253,119802,457,2025-06-09,1,Defective,3867.92
4254,119829,372,2024-10-16,2,Late Delivery,8001.61
4255,119887,72,2026-02-05,2,Defective,963.53
4256,119896,154,2026-08-17,1,Size Issue,8052.54
4257,119900,350,2025-01-21,2,Wrong Item,9393.83
4258,119915,479,2025-10-28,1,Damaged,5154.27
4259,119924,38,2025-02-03,2,Damaged,9784.4
4260,119934,406,2024-11-26,2,Defective,2712.53
4261,119981,146,2024-10-19,1,Size Issue,1331.09
